,school,sex,age,address,famsize,Pstatus,Medu,Fedu,Mjob,Fjob,reason,guardian,traveltime,studytime,failures,schoolsup,famsup,paid,activities,nursery,higher,internet,romantic,famrel,freetime,goout,Dalc,Walc,health,absences,G1,G2,G3
0,MS,M,16,R,GT3,T,1,0,services,other,course,father,0,0,0,no,no,no,no,yes,yes,yes,yes,2,2,4,1,3,4,0,8,7,9
1,GP,M,15,U,LE3,T,2,3,other,other,reputation,father,3,1,0,no,yes,no,no,yes,yes,yes,yes,3,3,2,2,3,4,0,4,5,15
2,GP,F,16,U,LE3,T,1,2,other,other,reputation,mother,0,1,0,no,yes,no,yes,yes,yes,yes,yes,3,5,2,0,0,5,0,11,12,16
3,GP,F,16,R,GT3,T,0,3,at_home,other,other,mother,1,1,0,no,yes,no,no,yes,yes,yes,yes,3,2,2,1,1,4,0,12,3,11
4,MS,M,17,U,GT3,T,1,1,services,services,other,mother,0,1,0,no,no,no,no,yes,no,yes,no,3,2,2,0,0,5,1,10,7,9
5,GP,F,15,U,LE3,T,0,1,other,other,other,other,0,0,0,no,yes,no,no,yes,yes,yes,no,3,3,1,2,1,4,1,10,6,16
6,MS,F,16,U,GT3,T,1,2,other,other,home,mother,1,1,0,no,no,no,yes,yes,yes,yes,no,3,3,5,1,2,4,2,3,4,15
7,GP,F,16,U,GT3,A,3,0,at_home,other,home,mother,0,1,0,no,no,no,yes,yes,yes,yes,no,2,2,2,0,1,3,3,8,5,21
8,GP,M,15,U,LE3,T,2,4,other,services,reputation,mother,1,1,0,no,yes,no,no,yes,yes,yes,no,4,2,3,1,0,1,6,13,12,15
9,GP,M,17,R,GT3,T,1,1,other,other,course,mother,0,1,0,no,yes,no,no,yes,yes,no,no,5,2,2,0,2,4,1,11,9,16
10,GP,M,17,U,GT3,T,3,1,health,services,course,other,0,0,0,no,yes,no,no,no,yes,yes,no,4,1,3,1,1,3,0,12,9,9
11,MS,F,15,U,LE3,T,1,1,other,other,course,father,0,0,0,yes,no,no,yes,yes,yes,no,no,3,1,2,1,1,2,0,7,7,9
12,MS,M,17,R,LE3,T,3,3,services,services,reputation,mother,0,0,0,no,yes,no,no,yes,yes,yes,no,3,1,5,1,1,2,11,6,3,20
13,MS,F,16,R,LE3,T,1,2,services,other,course,mother,2,2,0,no,no,no,yes,no,yes,no,yes,3,2,3,1,5,4,1,8,8,13
14,GP,M,15,U,LE3,T,1,3,services,services,reputation,mother,0,1,0,no,yes,yes,yes,yes,yes,yes,yes,3,2,3,0,0,4,6,4,6,13
15,GP,F,16,U,GT3,T,2,1,services,other,reputation,father,0,0,0,no,yes,no,yes,yes,yes,no,no,2,3,2,1,1,0,-1,9,3,19
16,MS,M,15,U,GT3,T,1,3,services,health,course,father,1,1,0,no,no,no,no,yes,yes,yes,no,3,3,3,1,1,4,0,16,10,16
17,MS,F,17,U,LE3,T,1,1,health,other,course,mother,0,2,0,no,no,no,no,yes,yes,no,yes,3,2,2,0,1,5,3,5,5,11
18,MS,F,16,U,GT3,T,2,0,at_home,other,course,father,0,0,0,yes,yes,no,yes,yes,yes,no,no,3,3,3,1,1,4,3,13,10,9
19,MS,F,19,U,LE3,A,0,4,other,other,reputation,mother,1,0,0,yes,no,no,no,yes,no,yes,no,4,3,2,0,0,4,1,1,5,5
20,GP,F,15,U,GT3,T,4,1,at_home,other,reputation,mother,1,0,0,no,no,no,no,yes,yes,yes,no,3,2,3,1,1,5,0,4,9,14
21,GP,M,15,U,GT3,T,3,2,at_home,other,course,mother,1,2,0,no,no,no,no,no,yes,yes,yes,3,2,3,1,2,1,0,4,4,14
22,GP,M,18,U,LE3,T,2,1,other,teacher,reputation,mother,0,0,0,no,yes,no,no,yes,no,yes,no,5,4,2,0,2,0,0,6,15,12
23,MS,F,15,U,GT3,T,1,0,teacher,other,course,mother,0,0,0,yes,yes,no,yes,yes,yes,yes,yes,5,3,3,1,3,1,0,11,10,13
24,MS,F,16,R,GT3,T,1,2,services,services,home,mother,0,1,0,no,no,no,yes,yes,yes,no,no,3,2,5,1,2,0,24,5,6,16
25,MS,F,18,R,LE3,T,1,0,services,teacher,course,mother,0,0,0,no,yes,no,no,yes,yes,yes,yes,3,4,3,2,1,4,0,6,7,15
26,GP,F,17,R,GT3,T,2,3,other,services,course,other,0,1,0,no,no,no,no,yes,yes,yes,no,3,0,3,1,4,1,3,5,13,6
27,GP,F,16,U,LE3,T,2,3,other,other,home,mother,0,0,3,no,yes,no,no,yes,no,yes,yes,3,4,2,0,1,4,0,7,14,18
28,GP,M,16,U,GT3,T,1,2,services,other,course,mother,0,0,0,no,no,no,no,yes,yes,no,no,4,2,2,1,1,4,2,7,5,19
29,MS,F,16,U,GT3,T,0,0,services,services,course,mother,1,1,0,no,no,yes,no,yes,yes,no,yes,4,2,5,1,1,5,3,14,12,9
30,GP,F,17,R,GT3,T,3,0,other,services,course,mother,2,2,0,no,no,no,no,yes,yes,yes,no,4,3,3,0,3,1,12,8,8,19
31,GP,M,16,U,GT3,T,0,0,other,other,course,mother,0,2,0,no,yes,no,yes,yes,yes,no,no,4,3,5,0,1,5,0,10,10,15
32,GP,F,17,R,GT3,T,1,1,other,other,course,mother,1,0,0,no,no,no,no,yes,yes,yes,yes,3,3,2,1,4,4,0,4,7,7
33,MS,M,16,U,GT3,T,2,0,other,other,course,mother,1,0,0,no,yes,no,yes,yes,yes,yes,yes,3,3,3,1,2,4,3,15,7,10
34,MS,F,18,U,GT3,T,1,1,health,other,course,father,1,1,0,no,no,no,no,yes,yes,yes,no,2,3,3,1,1,4,1,7,7,19
35,GP,M,16,U,LE3,T,1,2,other,services,course,mother,2,0,0,no,yes,no,no,yes,no,yes,no,4,2,1,1,1,0,0,4,8,15
36,GP,F,18,U,LE3,T,1,3,other,health,home,mother,1,0,0,no,no,no,yes,yes,yes,yes,no,3,1,2,1,1,2,0,12,10,18
37,GP,M,15,R,GT3,T,0,1,other,services,course,mother,0,1,0,no,no,no,no,no,yes,yes,yes,3,3,3,1,3,4,-1,11,7,7
38,GP,M,17,U,GT3,T,2,3,health,other,reputation,father,0,1,1,no,yes,no,yes,no,yes,yes,yes,3,3,3,2,1,4,0,12,7,5
39,GP,F,16,R,GT3,T,2,1,health,other,course,mother,1,1,0,no,yes,no,no,yes,yes,yes,no,3,2,3,0,1,4,2,4,9,17
40,MS,F,16,R,LE3,T,0,1,services,other,course,father,1,0,0,no,yes,no,no,yes,no,no,no,3,3,2,1,0,4,7,4,11,17
41,GP,F,17,R,GT3,T,1,0,other,other,course,other,2,1,0,no,yes,no,yes,yes,yes,yes,no,3,2,3,0,3,4,1,10,5,12
42,MS,F,15,U,GT3,T,3,2,other,other,home,father,0,2,1,no,yes,no,yes,yes,yes,yes,no,3,3,3,0,1,3,1,8,11,6
43,MS,F,17,U,GT3,T,1,0,health,other,course,mother,0,0,0,no,yes,no,no,yes,yes,yes,yes,3,3,2,1,1,5,4,5,9,8
44,GP,M,16,U,GT3,T,-1,1,at_home,other,home,mother,0,0,0,no,yes,no,no,yes,no,no,no,4,2,3,0,1,2,11,8,11,15
45,GP,F,15,U,GT3,T,0,1,other,other,other,mother,1,1,0,no,no,no,no,yes,yes,no,yes,4,3,2,1,2,5,0,7,10,7
46,GP,F,15,U,GT3,T,1,3,other,services,course,mother,0,0,0,no,no,no,no,yes,yes,yes,yes,4,2,3,1,0,4,1,9,7,17
47,GP,F,16,R,GT3,T,4,0,other,services,reputation,father,0,0,0,no,yes,no,no,yes,yes,yes,yes,2,3,4,1,1,4,0,7,7,9
48,MS,F,15,U,GT3,T,1,1,at_home,teacher,home,mother,0,1,0,no,no,no,yes,no,yes,yes,yes,4,4,2,1,1,4,2,10,8,19
49,MS,F,15,R,GT3,T,3,4,other,other,course,mother,0,1,0,no,yes,no,yes,yes,no,yes,no,3,4,2,1,1,1,1,8,4,19
50,MS,M,16,U,GT3,T,0,1,other,other,course,mother,1,1,0,no,no,no,no,yes,yes,no,no,3,4,3,1,1,5,0,5,9,15
51,GP,M,15,U,LE3,T,0,0,services,other,reputation,father,1,0,0,no,yes,no,yes,yes,yes,no,yes,3,2,2,1,3,4,2,6,9,8
52,GP,M,16,U,GT3,A,1,2,other,other,course,mother,0,1,0,no,yes,no,yes,yes,yes,yes,yes,3,2,3,1,1,4,2,8,9,12
53,MS,F,18,R,GT3,T,0,2,at_home,other,course,mother,0,0,0,no,yes,no,no,yes,yes,no,no,4,3,2,2,4,5,3,7,12,5
54,GP,F,15,R,LE3,T,3,3,other,other,course,mother,1,1,0,no,no,no,no,yes,yes,yes,no,4,3,2,0,1,4,0,7,10,12
55,MS,M,16,U,LE3,T,1,3,services,other,reputation,mother,0,1,0,no,no,no,no,yes,yes,yes,yes,4,3,2,1,1,1,3,10,9,14
56,GP,F,16,R,GT3,T,1,3,other,other,course,mother,0,2,0,no,no,no,yes,yes,yes,no,yes,4,2,3,1,1,1,0,8,5,11
57,MS,M,16,U,GT3,T,1,0,other,other,course,father,0,1,0,no,yes,no,yes,yes,yes,yes,no,3,2,2,0,1,5,1,9,5,10
58,MS,M,16,U,LE3,T,0,0,teacher,other,course,mother,2,1,0,no,yes,no,no,yes,yes,yes,no,3,3,1,0,1,4,0,3,10,10
59,MS,M,16,U,GT3,A,1,0,health,other,course,father,1,1,1,no,yes,yes,yes,yes,yes,yes,no,3,3,5,1,1,4,4,9,6,8
60,MS,M,15,U,GT3,T,1,3,services,services,home,father,1,0,0,no,no,no,no,yes,no,yes,no,5,2,2,1,4,4,0,5,4,10
61,MS,M,16,U,LE3,T,1,0,services,services,other,mother,0,1,0,no,no,no,yes,yes,yes,yes,no,5,4,4,2,1,3,1,8,6,15
62,MS,F,15,R,LE3,T,1,1,services,other,other,mother,1,1,0,no,no,no,no,yes,yes,no,no,4,3,2,1,1,4,0,9,6,14
63,GP,F,15,U,GT3,T,2,0,services,other,course,mother,1,1,0,no,yes,no,no,yes,yes,yes,yes,4,2,2,1,1,2,0,12,10,22
64,GP,F,16,U,LE3,T,0,3,other,other,reputation,mother,1,1,0,no,yes,no,no,yes,yes,yes,yes,4,3,2,1,3,5,0,5,8,12
65,MS,M,15,R,LE3,T,2,0,other,other,course,mother,0,1,0,no,yes,no,no,yes,yes,yes,no,4,2,3,1,1,4,3,10,8,17
66,GP,M,15,U,GT3,T,1,1,services,other,course,father,0,1,0,no,no,no,no,yes,yes,yes,no,1,4,2,0,1,4,0,6,7,12
67,GP,M,18,U,LE3,T,3,1,other,other,course,mother,0,1,0,no,no,yes,no,yes,yes,no,yes,4,4,2,1,1,1,1,9,19,14
68,GP,M,16,U,GT3,T,1,0,services,other,course,mother,1,1,1,no,yes,yes,yes,yes,yes,yes,no,4,2,4,1,1,1,1,9,11,16
69,GP,M,18,R,GT3,T,0,1,other,teacher,home,mother,0,2,0,no,yes,no,no,yes,yes,yes,no,2,2,5,0,4,4,4,13,8,9
70,MS,F,17,U,GT3,T,1,1,services,other,course,mother,0,1,0,no,no,no,yes,yes,yes,yes,no,1,2,3,1,1,1,0,7,7,17
71,GP,F,15,R,GT3,T,1,0,other,other,home,mother,0,1,0,no,yes,no,no,yes,no,yes,no,2,2,2,1,1,2,2,4,9,16
72,GP,M,16,U,GT3,T,0,0,services,at_home,course,mother,0,1,0,no,yes,no,no,yes,yes,no,no,4,2,0,0,1,3,-4,9,7,13
73,MS,M,15,U,GT3,T,1,1,services,other,home,mother,1,2,0,no,yes,no,yes,yes,yes,yes,yes,4,2,3,1,3,3,1,10,14,13
74,GP,F,18,R,LE3,T,2,0,services,other,course,mother,1,1,0,no,yes,no,yes,yes,yes,yes,yes,3,2,2,1,3,5,3,9,11,17
75,GP,M,15,U,GT3,A,1,3,services,other,home,mother,0,2,0,no,yes,no,no,yes,yes,no,no,3,2,2,1,1,4,0,11,16,10
76,GP,F,15,U,LE3,T,3,1,services,services,course,mother,1,0,0,no,yes,no,no,yes,yes,yes,no,4,3,5,1,1,2,23,14,5,10
77,MS,F,15,U,GT3,T,2,3,services,services,course,other,0,1,0,no,yes,no,yes,yes,yes,yes,no,3,0,3,0,1,4,5,9,5,9
78,MS,M,20,U,LE3,T,4,1,other,other,course,mother,1,1,0,no,no,no,yes,yes,yes,no,yes,4,2,1,1,5,4,4,5,7,18
79,MS,F,17,U,LE3,T,0,0,teacher,other,course,mother,0,1,0,yes,yes,no,yes,yes,yes,yes,yes,2,2,2,0,1,4,5,5,7,11
80,GP,F,15,R,LE3,T,2,0,other,services,other,mother,0,2,0,no,yes,no,no,no,yes,yes,no,3,3,2,1,1,4,11,11,10,7
81,GP,M,17,U,GT3,T,0,0,other,other,other,mother,1,0,0,no,no,no,yes,yes,yes,no,no,5,3,1,1,1,4,0,2,7,20
82,GP,M,15,U,LE3,T,0,0,other,teacher,reputation,mother,1,0,0,no,no,no,no,yes,yes,yes,yes,3,3,1,1,1,2,1,9,6,20
83,GP,F,15,R,GT3,T,4,0,services,teacher,course,mother,0,0,0,no,yes,no,no,yes,yes,yes,yes,3,0,4,1,6,4,3,11,7,18
84,MS,M,15,R,GT3,T,3,3,at_home,services,course,mother,1,0,0,no,no,no,yes,yes,yes,no,no,0,3,3,1,1,4,12,11,11,13
85,GP,F,15,U,LE3,T,1,0,at_home,other,course,father,0,2,0,yes,yes,no,no,yes,yes,no,no,5,2,4,1,1,1,1,6,7,6
86,MS,F,15,U,LE3,A,0,3,services,other,reputation,mother,0,0,0,no,no,no,yes,no,yes,yes,no,4,2,4,1,2,5,19,19,8,4
87,MS,M,21,U,LE3,T,2,0,at_home,teacher,course,mother,0,1,0,no,yes,no,yes,yes,yes,yes,no,4,3,3,1,2,4,0,7,11,14
88,MS,M,17,R,GT3,T,2,3,other,other,course,mother,1,0,0,no,yes,no,no,yes,no,yes,no,3,2,3,0,1,1,5,8,4,4
89,GP,F,17,U,GT3,T,2,3,services,services,reputation,mother,0,2,0,no,no,no,no,yes,yes,yes,yes,4,3,2,1,2,5,0,6,7,13
90,MS,F,15,U,GT3,T,2,1,other,other,other,mother,1,1,0,no,yes,no,no,yes,yes,yes,yes,3,4,3,1,1,0,4,7,11,11
91,GP,M,14,R,LE3,A,2,0,at_home,other,course,mother,1,2,0,no,no,no,no,yes,yes,yes,yes,4,3,4,0,1,4,0,11,7,17
92,GP,M,15,U,GT3,T,3,1,services,services,home,mother,2,1,0,no,no,no,yes,yes,yes,yes,no,3,2,2,1,3,2,2,3,6,16
93,GP,M,15,U,GT3,T,3,0,health,other,home,mother,0,1,0,no,no,no,no,no,yes,yes,yes,4,3,3,1,1,4,0,15,18,12
94,MS,M,16,U,GT3,T,2,0,services,health,home,mother,0,1,0,no,yes,no,no,yes,no,no,no,3,2,2,1,1,3,5,7,7,13
95,GP,F,16,U,GT3,A,2,0,health,services,course,mother,0,0,2,no,no,no,no,no,yes,yes,no,3,3,5,1,1,4,0,9,8,20
96,MS,M,17,U,GT3,T,1,0,teacher,other,course,father,0,0,1,no,yes,no,yes,yes,yes,yes,yes,5,2,2,0,1,4,0,8,6,7
97,MS,F,17,R,LE3,T,1,1,at_home,other,course,father,1,2,0,no,yes,no,yes,yes,yes,yes,yes,4,3,2,1,3,4,1,6,13,17
98,MS,F,14,U,GT3,T,3,0,services,other,home,mother,1,0,0,no,yes,no,no,yes,yes,yes,yes,3,2,2,0,1,4,0,5,4,11
99,MS,F,16,R,GT3,T,0,0,other,other,course,mother,0,1,0,no,no,no,no,yes,yes,no,no,3,3,4,1,0,5,1,7,11,12
100,GP,F,16,R,GT3,T,1,3,services,other,home,father,1,1,0,no,yes,no,no,yes,yes,yes,yes,4,2,3,1,1,3,2,8,9,16
101,GP,F,17,U,LE3,T,1,0,services,other,home,mother,0,2,0,no,yes,no,yes,no,yes,yes,no,0,3,2,0,1,1,1,7,6,5
102,GP,F,15,R,GT3,T,1,1,other,services,course,mother,0,4,0,no,no,no,no,yes,yes,yes,yes,1,1,4,1,3,4,1,14,7,14
103,GP,F,16,U,LE3,T,0,0,teacher,other,reputation,father,0,1,0,no,yes,no,no,yes,yes,yes,yes,2,2,3,6,0,2,1,8,17,18
104,MS,F,15,U,GT3,T,1,0,at_home,health,reputation,mother,0,1,0,no,yes,no,no,yes,yes,no,no,3,2,3,1,1,5,0,4,9,12
105,GP,M,15,U,GT3,T,0,4,at_home,services,reputation,mother,1,1,0,no,no,no,no,yes,no,yes,no,3,2,3,1,1,4,0,11,7,16
106,MS,M,15,U,LE3,T,1,2,health,teacher,home,father,0,0,0,no,yes,no,yes,yes,yes,yes,yes,4,2,3,0,1,0,6,8,14,9
107,GP,M,17,U,LE3,T,1,2,at_home,other,home,mother,1,1,0,no,yes,no,yes,yes,yes,yes,yes,3,2,3,1,0,3,0,5,6,9
108,GP,F,15,U,LE3,T,0,2,other,other,course,mother,0,0,0,no,no,no,yes,yes,yes,no,no,3,3,2,0,2,4,0,5,6,9
109,GP,M,16,U,LE3,T,3,0,services,services,reputation,mother,0,1,0,no,yes,no,no,yes,yes,no,no,4,2,3,1,1,4,1,10,13,8
110,GP,F,16,R,GT3,T,0,3,services,other,reputation,mother,1,0,0,no,no,no,no,yes,yes,yes,no,3,4,3,1,0,4,1,3,4,17
111,GP,F,16,U,GT3,T,2,0,other,services,course,mother,0,0,0,no,yes,no,no,yes,yes,yes,no,3,2,2,1,1,5,0,9,7,16
112,GP,M,14,U,LE3,T,0,0,other,other,other,father,1,1,0,no,yes,yes,yes,yes,yes,yes,no,3,2,4,3,3,5,5,7,10,15
113,GP,F,15,R,GT3,T,3,0,other,other,course,mother,1,0,0,no,yes,no,yes,yes,yes,yes,no,3,3,2,1,5,4,3,2,5,19
114,MS,F,16,U,LE3,T,1,1,services,services,course,mother,0,1,0,no,yes,no,yes,yes,yes,no,no,3,4,3,1,1,4,0,14,8,13
115,GP,F,15,R,LE3,A,0,1,services,services,home,mother,1,0,0,no,no,no,no,yes,yes,yes,no,4,2,1,1,3,4,0,15,10,15
116,GP,M,16,U,GT3,A,2,2,services,teacher,reputation,mother,3,1,0,no,yes,no,yes,no,yes,no,no,3,1,3,1,0,5,2,9,8,8
117,GP,F,14,U,GT3,A,2,0,other,services,reputation,other,0,1,0,no,yes,no,yes,yes,yes,yes,no,4,3,1,1,3,5,0,10,10,8
118,GP,M,15,R,GT3,T,0,0,other,other,course,mother,1,1,0,no,yes,no,no,yes,yes,yes,yes,3,2,3,1,4,4,14,5,6,13
119,MS,M,16,U,GT3,A,3,0,health,other,other,mother,0,1,0,no,no,no,no,yes,yes,yes,no,2,1,2,1,2,5,0,9,5,15
120,GP,F,17,U,GT3,T,1,3,services,services,course,mother,0,2,0,no,no,no,yes,yes,yes,yes,no,3,3,2,1,2,4,1,1,9,9
121,GP,F,17,U,LE3,T,2,3,services,other,course,mother,0,3,0,yes,yes,no,yes,yes,yes,yes,yes,2,3,2,0,1,4,0,5,10,10
122,GP,F,16,U,LE3,T,0,1,services,other,course,mother,0,0,0,no,yes,no,no,yes,no,yes,no,3,2,1,1,2,4,1,3,8,13
123,MS,M,17,U,GT3,T,1,0,at_home,other,home,mother,0,1,0,no,no,no,no,yes,yes,no,no,3,2,2,1,3,0,1,7,10,17
124,MS,F,15,U,LE3,T,2,1,health,other,course,mother,0,1,0,no,yes,no,yes,no,no,yes,yes,4,2,2,0,1,0,3,6,8,15
125,GP,F,17,U,GT3,T,1,0,services,health,home,mother,1,1,0,no,no,no,yes,no,yes,no,yes,4,5,1,1,1,5,0,6,5,11
126,GP,M,16,U,GT3,T,1,1,services,teacher,reputation,mother,0,1,0,no,yes,no,no,yes,yes,no,no,3,2,3,1,4,5,2,5,7,13
127,GP,M,17,R,LE3,T,0,1,other,services,reputation,mother,0,1,0,no,yes,no,yes,yes,no,yes,no,2,3,3,1,1,1,0,11,6,11
128,GP,M,15,U,GT3,T,1,0,other,other,reputation,mother,2,0,0,no,no,no,yes,yes,yes,no,no,5,3,3,1,1,4,25,11,4,16
129,MS,F,16,U,GT3,T,3,0,other,services,course,mother,1,2,0,no,yes,no,yes,no,yes,yes,no,5,2,2,1,1,5,2,10,12,9
130,GP,M,16,U,LE3,T,1,1,health,other,other,mother,0,1,0,no,yes,no,yes,yes,yes,yes,no,3,3,3,1,1,4,1,8,6,16
131,MS,F,16,R,GT3,T,1,0,at_home,other,reputation,father,1,1,0,no,no,no,yes,yes,yes,yes,yes,4,4,3,1,1,1,0,12,5,9
132,MS,F,16,U,LE3,T,0,1,other,health,course,mother,0,0,0,no,no,no,no,yes,yes,yes,no,3,2,3,0,4,4,2,7,12,6
133,GP,M,16,U,LE3,A,0,1,other,other,home,mother,0,1,0,no,yes,no,yes,yes,yes,yes,no,2,3,2,0,0,4,0,4,14,7
134,GP,M,16,U,LE3,T,0,3,other,other,course,mother,0,1,0,no,yes,no,no,yes,yes,yes,no,4,3,2,0,2,5,0,14,8,12
135,MS,M,18,U,GT3,T,2,0,at_home,services,reputation,mother,0,3,0,no,no,no,yes,yes,yes,no,no,5,2,2,4,1,4,3,12,7,20
136,GP,M,16,U,LE3,T,2,0,other,other,home,mother,0,0,0,no,no,no,no,yes,yes,yes,no,2,4,5,1,1,4,1,12,10,10
137,GP,M,15,U,LE3,T,2,1,services,other,course,mother,1,1,0,no,no,no,no,yes,yes,yes,no,3,2,4,1,2,5,10,10,6,7
138,GP,M,17,U,GT3,T,0,3,health,other,reputation,father,1,1,0,no,yes,no,no,yes,yes,yes,yes,4,2,3,1,1,2,0,9,17,13
139,MS,F,15,U,GT3,T,1,1,services,other,course,mother,0,1,0,no,no,no,yes,yes,no,yes,no,3,4,2,1,3,4,2,3,10,15
140,GP,F,15,R,GT3,T,3,0,other,health,course,mother,2,1,0,no,yes,no,no,yes,yes,yes,no,3,3,4,1,1,0,0,4,8,16
141,MS,M,15,U,LE3,T,2,3,other,services,course,mother,0,1,0,no,yes,no,yes,yes,yes,yes,no,3,2,3,1,0,1,0,4,9,11
142,MS,M,16,U,GT3,T,4,3,other,other,home,father,2,1,0,no,yes,no,yes,yes,yes,yes,yes,3,2,4,1,1,0,1,8,10,12
143,GP,M,18,U,GT3,T,3,3,other,other,course,mother,0,0,0,yes,no,no,no,yes,yes,yes,no,3,4,5,1,1,1,0,6,14,11
144,MS,F,15,R,GT3,T,1,-1,services,teacher,home,father,2,0,0,no,yes,no,no,yes,yes,yes,no,2,3,3,1,1,4,0,13,8,13
145,MS,F,15,U,GT3,T,3,1,services,services,course,mother,0,1,0,no,yes,no,no,yes,yes,yes,no,3,2,5,1,0,4,0,14,11,14
146,GP,M,17,R,GT3,T,1,1,other,other,course,mother,0,0,0,yes,no,no,no,yes,yes,yes,no,0,2,2,1,1,5,-1,9,9,9
147,MS,F,15,U,LE3,T,2,0,other,other,home,father,2,1,0,yes,yes,no,no,yes,yes,yes,no,3,2,3,1,1,5,0,9,7,10
148,MS,F,15,U,LE3,T,4,1,at_home,services,reputation,mother,2,1,0,no,yes,no,no,yes,yes,yes,no,1,2,4,1,0,4,3,4,6,15
149,MS,F,17,U,GT3,T,0,3,services,other,reputation,mother,1,1,0,no,yes,no,no,yes,yes,yes,yes,0,3,4,1,1,4,2,3,3,9
150,GP,M,18,U,GT3,T,1,1,at_home,other,home,other,0,3,0,no,yes,no,no,yes,yes,yes,no,4,1,3,3,2,4,0,9,14,10
151,GP,F,16,U,GT3,T,2,2,other,other,other,mother,0,1,0,no,yes,no,no,yes,yes,yes,no,4,3,3,1,1,5,1,17,5,14
152,GP,F,18,U,LE3,T,0,1,at_home,other,other,mother,0,1,0,no,yes,no,no,yes,yes,yes,no,4,2,3,1,0,3,5,2,4,10
153,GP,F,15,R,GT3,T,2,0,other,other,course,mother,0,0,0,no,yes,no,no,yes,yes,yes,yes,5,3,3,1,1,5,0,8,9,14
154,GP,F,15,R,GT3,T,0,1,services,services,course,mother,3,1,0,no,no,no,no,yes,yes,yes,no,3,2,2,1,1,5,4,7,5,10
155,GP,M,17,R,GT3,T,2,0,other,services,home,mother,1,1,0,no,yes,no,no,yes,yes,no,no,3,2,2,1,2,4,0,4,6,15
156,MS,F,16,R,GT3,A,1,3,other,other,reputation,mother,1,0,0,no,no,no,no,yes,yes,yes,yes,3,2,3,0,0,4,7,8,8,14
157,GP,M,15,U,LE3,T,0,0,other,other,course,mother,2,0,0,no,yes,no,no,yes,yes,yes,yes,5,2,5,1,3,2,9,10,7,13
158,MS,F,15,R,GT3,T,1,3,other,other,reputation,mother,3,1,0,no,yes,no,no,yes,yes,yes,no,4,2,4,1,0,4,2,9,14,13
159,GP,M,17,U,GT3,T,2,0,other,other,course,mother,0,0,0,no,yes,no,no,yes,yes,yes,no,2,2,2,1,0,2,0,2,6,16
160,MS,F,16,R,GT3,T,2,-1,other,other,course,other,1,0,0,yes,no,no,no,no,no,yes,no,3,3,2,0,1,2,5,5,8,17
161,GP,F,17,U,GT3,T,1,0,other,other,home,mother,2,0,0,no,yes,no,no,no,yes,yes,yes,4,3,4,1,1,5,0,9,15,9
162,GP,F,17,R,LE3,T,1,2,teacher,at_home,other,mother,0,0,0,no,yes,no,no,yes,yes,yes,no,4,3,2,1,1,4,3,8,6,8
163,MS,M,15,R,GT3,T,2,1,teacher,services,home,mother,1,0,0,no,no,no,no,yes,yes,yes,no,4,2,3,1,3,4,1,6,10,10
164,MS,M,15,U,GT3,T,1,3,teacher,other,course,mother,0,0,0,no,no,no,no,yes,yes,no,yes,3,2,1,1,1,4,0,3,5,6
165,GP,F,17,U,GT3,T,1,3,services,services,reputation,mother,1,1,0,no,no,no,no,yes,yes,yes,yes,3,3,1,1,3,1,5,8,6,12
166,MS,M,16,R,GT3,T,2,0,other,other,course,mother,0,1,0,no,no,no,no,yes,yes,yes,yes,5,2,3,0,1,1,19,6,12,7
167,GP,F,15,R,GT3,T,1,3,other,services,reputation,mother,0,0,0,no,yes,no,yes,yes,yes,no,no,4,2,3,0,1,5,0,18,10,14
168,MS,F,17,U,GT3,T,1,1,other,services,course,mother,0,1,0,no,yes,no,no,yes,no,yes,no,3,2,5,1,1,4,10,11,5,11
169,MS,F,17,U,GT3,T,0,0,other,other,reputation,mother,1,0,0,no,no,yes,yes,no,yes,no,no,3,3,2,2,3,4,1,7,9,17
170,GP,F,15,U,GT3,T,1,1,other,other,reputation,mother,1,0,0,no,yes,no,no,yes,no,yes,no,4,2,4,0,0,4,0,6,11,7
171,GP,F,15,U,GT3,T,1,1,at_home,other,reputation,mother,0,0,0,no,yes,no,yes,yes,yes,no,yes,3,3,2,1,1,4,3,7,9,14
172,GP,M,17,R,LE3,T,1,0,health,other,course,mother,0,0,0,no,yes,no,no,yes,yes,yes,yes,4,2,2,1,1,3,11,2,4,15
173,MS,F,20,U,GT3,T,0,3,health,other,reputation,father,0,0,0,no,yes,no,yes,yes,yes,yes,yes,4,3,5,1,1,4,1,4,3,12
174,GP,M,16,U,GT3,T,1,1,other,services,home,mother,1,1,0,no,yes,no,no,yes,yes,yes,no,2,2,2,1,2,3,1,7,9,13
175,MS,F,15,U,LE3,T,0,0,at_home,other,home,father,1,1,0,no,no,no,no,yes,yes,yes,no,2,2,5,1,2,4,0,6,5,13
176,GP,M,15,R,LE3,T,0,2,health,other,course,mother,1,1,0,no,no,no,no,yes,yes,yes,yes,3,2,1,1,1,4,0,4,8,19
177,MS,M,17,U,LE3,A,2,0,services,other,reputation,mother,0,0,0,no,yes,no,no,yes,yes,yes,yes,4,2,2,1,1,4,0,11,8,14
178,GP,M,17,R,GT3,T,3,2,services,other,home,mother,1,1,0,no,yes,no,no,yes,yes,no,no,4,2,1,1,3,5,17,16,6,13
179,MS,F,16,U,LE3,T,2,1,other,other,course,mother,1,1,0,no,yes,no,no,yes,yes,no,no,4,2,3,1,5,1,0,16,-3,5
180,GP,F,16,U,GT3,T,0,1,other,other,course,mother,0,2,0,no,yes,no,yes,yes,no,yes,no,3,2,2,1,2,4,3,4,6,14
181,GP,F,15,U,GT3,A,2,0,other,other,course,mother,1,0,0,no,no,no,no,yes,no,yes,no,4,3,3,0,1,4,0,7,7,19
182,GP,M,15,R,GT3,T,1,0,other,other,course,mother,0,0,0,no,yes,no,no,yes,yes,no,no,3,2,4,1,1,4,2,11,4,19
183,GP,M,16,U,GT3,T,3,1,other,other,other,mother,2,2,0,no,no,no,no,yes,yes,yes,no,2,3,2,0,3,1,1,12,7,17
184,MS,M,17,R,GT3,T,1,1,other,other,reputation,mother,1,1,0,no,no,no,no,yes,yes,no,yes,3,2,4,1,1,5,16,7,10,9
185,MS,F,17,U,GT3,T,3,0,teacher,services,course,father,1,1,0,no,no,no,no,yes,yes,yes,no,3,2,3,0,1,3,12,12,8,12
186,GP,M,16,U,GT3,T,0,0,teacher,services,other,mother,0,0,0,no,yes,no,no,yes,yes,no,no,3,3,4,0,1,5,21,6,9,19
187,GP,M,17,R,GT3,T,4,1,other,services,course,mother,0,2,0,no,no,no,no,yes,yes,yes,yes,4,2,2,2,1,4,0,14,10,5
188,GP,M,15,R,GT3,T,0,3,other,other,reputation,father,0,0,0,no,yes,no,yes,yes,yes,yes,no,3,3,2,1,3,0,0,13,6,13
189,MS,M,17,R,LE3,T,2,4,other,other,other,mother,4,0,0,no,no,no,no,yes,yes,yes,yes,3,4,4,1,2,4,0,11,4,14
190,GP,M,15,U,GT3,T,2,3,other,other,reputation,mother,0,0,0,yes,no,no,yes,yes,yes,no,no,0,2,3,6,1,4,13,9,3,20
191,GP,F,15,U,GT3,T,0,0,other,teacher,course,mother,0,2,0,no,yes,no,yes,no,yes,yes,no,4,2,2,1,1,4,2,14,9,6
192,MS,M,15,U,GT3,T,1,1,at_home,other,reputation,mother,0,1,0,no,yes,no,no,yes,yes,yes,no,3,2,2,1,1,4,15,13,12,11
193,GP,F,18,R,LE3,T,0,0,health,other,home,father,0,1,0,no,no,no,no,no,yes,yes,no,3,1,3,1,1,4,0,10,8,7
194,GP,M,15,U,GT3,T,3,-2,other,services,course,other,0,0,0,no,no,no,yes,yes,yes,yes,no,3,2,2,1,0,4,1,4,11,6
195,GP,M,16,U,GT3,T,1,0,other,services,home,mother,1,1,1,no,no,no,yes,yes,yes,yes,no,3,2,2,1,4,5,0,6,3,11
196,GP,F,15,U,GT3,T,1,1,teacher,other,course,mother,0,1,4,no,no,no,no,yes,yes,yes,yes,3,2,2,6,3,5,2,5,9,9
197,GP,M,14,R,GT3,T,0,2,at_home,other,reputation,mother,0,1,0,no,no,no,no,yes,yes,no,yes,3,3,3,1,1,5,3,9,10,16
198,GP,F,15,R,GT3,T,0,0,at_home,other,reputation,father,1,2,0,no,no,no,no,yes,no,yes,yes,4,3,2,0,1,3,3,12,9,14
199,GP,M,16,U,GT3,T,1,3,other,other,course,father,0,1,0,no,no,no,no,yes,yes,yes,yes,4,2,3,1,0,3,0,4,8,15
200,GP,M,16,U,GT3,T,3,3,services,other,course,mother,2,0,0,no,yes,no,no,yes,yes,yes,no,2,3,1,0,0,5,2,0,10,13
201,MS,M,15,U,GT3,T,2,2,other,health,home,mother,1,2,0,no,no,no,no,yes,yes,no,yes,3,2,3,1,0,4,5,8,15,15
202,MS,M,16,U,GT3,T,0,0,other,other,reputation,mother,2,1,0,yes,no,no,no,yes,yes,yes,yes,3,2,3,1,1,4,0,9,9,15
203,GP,F,16,R,GT3,T,2,4,other,services,other,mother,1,1,0,no,no,no,yes,yes,yes,yes,no,3,4,4,1,1,4,5,13,9,10
204,GP,M,17,U,LE3,T,3,0,services,other,course,mother,0,2,0,no,no,no,yes,no,yes,yes,no,4,3,1,0,1,2,27,5,15,9
205,MS,M,14,U,LE3,T,2,1,other,services,course,mother,0,1,0,no,yes,no,yes,yes,yes,yes,no,3,1,4,1,1,0,1,9,10,6
206,MS,F,15,U,GT3,T,2,0,other,other,course,mother,0,0,0,no,yes,no,no,yes,yes,yes,yes,4,3,5,1,1,2,9,5,8,6
207,MS,F,15,U,GT3,T,1,0,services,other,home,mother,0,1,0,no,no,no,yes,yes,yes,no,yes,4,1,2,0,3,4,0,0,6,14
208,MS,F,21,U,GT3,T,1,2,teacher,teacher,other,mother,1,1,0,no,yes,no,yes,yes,yes,no,no,3,2,2,0,1,0,1,5,4,19
209,GP,F,17,U,GT3,T,2,0,other,at_home,home,mother,1,0,1,no,no,no,yes,yes,yes,yes,no,4,2,3,1,5,2,6,9,4,10
210,GP,M,15,U,GT3,T,0,0,services,services,home,mother,1,1,0,no,no,no,no,yes,yes,yes,no,3,2,4,1,1,3,0,6,9,12
211,MS,F,16,U,LE3,T,3,0,at_home,services,reputation,mother,1,1,0,no,no,no,yes,yes,yes,no,no,3,4,2,1,1,4,0,13,10,13
212,MS,M,16,R,GT3,T,1,2,services,other,home,father,1,1,0,no,yes,no,no,yes,yes,no,no,4,2,2,1,1,4,0,5,10,11
213,MS,F,16,U,GT3,T,3,3,at_home,teacher,course,father,0,1,1,no,yes,yes,no,yes,yes,yes,yes,4,4,5,1,0,5,3,12,6,4
214,GP,F,18,U,GT3,T,3,3,at_home,other,course,mother,1,1,0,no,yes,no,no,no,yes,no,no,4,3,3,1,4,1,2,8,12,18
215,MS,M,17,U,GT3,T,0,2,teacher,other,course,father,0,1,0,no,yes,no,no,yes,yes,no,no,2,3,4,2,1,5,0,3,8,11
216,MS,F,15,R,GT3,T,3,0,other,services,course,father,1,3,0,no,yes,no,no,yes,yes,yes,yes,4,2,5,1,1,2,3,6,8,11
217,GP,M,16,U,GT3,T,1,0,other,other,course,mother,1,1,0,no,no,no,no,yes,yes,yes,yes,4,2,3,0,0,4,0,5,-3,12
218,GP,M,16,U,LE3,T,1,1,services,at_home,reputation,mother,1,1,0,no,no,no,yes,yes,no,yes,no,3,2,3,1,3,3,9,4,10,6
219,GP,F,15,R,LE3,T,1,0,health,health,course,mother,2,0,0,no,yes,no,yes,yes,yes,yes,no,4,4,2,1,1,5,0,6,2,13
220,GP,F,16,R,GT3,T,2,0,at_home,other,course,mother,0,0,0,no,yes,no,yes,yes,yes,yes,no,4,3,1,1,1,0,0,3,8,14
221,MS,M,16,U,LE3,T,1,1,health,other,home,father,1,0,0,yes,no,no,no,no,yes,yes,no,4,3,3,2,0,4,3,8,11,15
222,GP,F,16,U,LE3,T,2,3,other,other,home,other,0,2,0,no,yes,no,no,yes,yes,yes,yes,3,3,3,1,5,4,0,13,7,9
223,GP,F,15,U,GT3,T,1,3,other,services,reputation,mother,0,1,0,no,yes,no,yes,yes,yes,no,yes,4,1,3,1,3,5,0,9,6,6
224,MS,F,15,R,LE3,A,1,0,services,other,reputation,mother,0,1,0,no,yes,no,no,no,yes,yes,yes,3,3,2,1,1,5,11,5,11,10
225,MS,F,15,U,LE3,T,4,1,services,teacher,reputation,father,0,0,0,no,no,no,yes,yes,yes,no,no,4,2,3,1,1,4,0,8,7,13
226,MS,F,16,U,LE3,T,1,0,services,health,other,mother,1,1,0,yes,yes,no,yes,no,yes,yes,yes,4,2,1,1,1,4,0,7,12,8
227,GP,M,16,U,LE3,T,3,2,services,at_home,reputation,father,1,1,0,no,no,no,yes,yes,yes,yes,yes,4,2,3,1,1,5,0,6,4,17
228,MS,M,18,U,GT3,A,-2,1,other,other,reputation,mother,0,0,0,no,yes,no,yes,yes,yes,yes,no,4,2,4,1,3,4,9,4,4,1
229,GP,F,16,R,GT3,T,1,0,at_home,other,home,mother,0,0,0,no,yes,yes,yes,yes,yes,yes,no,5,3,2,1,3,4,4,9,9,15
230,MS,F,14,R,LE3,T,0,0,services,other,reputation,mother,0,0,0,no,no,no,no,yes,yes,no,no,3,3,3,0,1,5,1,7,12,17
231,GP,M,16,R,GT3,T,1,2,other,services,reputation,mother,2,2,0,no,no,no,no,yes,yes,no,no,4,3,5,1,1,4,16,5,5,14
232,MS,M,15,R,GT3,T,1,1,services,other,other,mother,1,1,0,no,yes,no,no,yes,yes,yes,yes,3,2,2,1,2,4,0,5,9,13
233,GP,F,17,U,GT3,T,0,1,other,other,course,father,0,0,0,no,no,no,yes,yes,yes,yes,yes,4,3,3,0,1,2,0,5,10,14
234,MS,M,17,U,GT3,T,2,2,other,services,home,mother,1,1,0,no,yes,no,no,no,yes,yes,no,3,2,2,1,3,4,5,7,14,10
235,MS,F,16,U,LE3,T,3,1,services,services,course,mother,2,2,0,no,yes,no,yes,yes,yes,yes,yes,5,0,2,0,3,4,0,9,7,9
236,MS,F,17,R,GT3,T,0,3,other,health,reputation,father,0,1,0,no,no,no,no,yes,yes,yes,yes,3,2,2,0,2,4,0,11,12,13
237,MS,F,17,U,LE3,T,1,0,services,other,course,mother,0,1,0,no,yes,no,no,yes,yes,yes,yes,3,4,3,0,0,4,32,5,8,6
238,GP,M,15,U,GT3,T,2,2,other,other,other,mother,0,0,0,no,no,no,no,no,yes,yes,yes,5,2,3,1,1,3,0,4,7,13
239,GP,F,16,U,GT3,T,0,0,services,health,reputation,mother,0,1,0,no,no,no,yes,yes,yes,yes,yes,3,0,2,1,1,4,12,7,7,18
240,GP,F,15,R,LE3,T,1,3,services,other,course,mother,0,1,0,no,no,no,yes,yes,yes,no,yes,3,3,4,1,0,0,2,13,11,15
241,GP,M,17,U,GT3,T,0,1,at_home,services,home,mother,0,1,0,no,no,no,yes,yes,yes,no,yes,4,3,1,1,2,0,0,5,12,10
242,GP,M,17,U,GT3,T,1,0,services,other,home,mother,1,1,0,no,no,no,no,yes,yes,yes,no,3,2,2,1,1,4,2,11,10,13
243,MS,M,15,U,LE3,T,1,3,other,other,course,mother,1,2,0,no,no,no,yes,yes,yes,no,no,3,3,3,1,2,4,2,16,15,16
244,GP,F,15,U,GT3,T,2,0,other,other,course,father,1,1,0,no,yes,no,no,yes,yes,yes,no,5,2,2,1,1,4,0,6,4,12
245,GP,M,16,U,LE3,T,0,1,at_home,other,other,mother,0,2,0,no,no,no,no,yes,no,yes,no,3,1,3,1,1,4,2,4,7,14
246,MS,F,15,U,LE3,T,1,0,other,health,course,mother,1,1,0,no,yes,no,no,yes,no,yes,no,4,2,4,0,1,3,3,17,6,17
247,MS,M,15,U,GT3,T,0,3,at_home,health,reputation,mother,2,0,0,no,yes,no,yes,yes,yes,yes,no,3,2,2,1,1,4,0,5,11,20
248,GP,F,15,U,GT3,T,2,2,other,services,home,father,0,0,0,yes,yes,no,no,yes,yes,no,no,5,2,2,1,4,1,14,15,5,16
249,MS,F,17,U,LE3,T,1,0,teacher,other,other,mother,1,1,1,no,no,no,no,yes,yes,yes,yes,3,2,2,1,1,3,1,13,9,20
250,GP,M,15,R,GT3,T,3,0,at_home,other,course,other,1,1,0,no,no,no,no,yes,yes,yes,yes,5,2,4,0,4,3,0,7,4,13
251,MS,M,15,U,GT3,T,0,1,services,teacher,reputation,mother,0,1,0,no,no,no,yes,yes,yes,yes,yes,4,3,3,0,1,4,0,8,7,7
252,MS,M,16,U,LE3,T,1,1,services,services,course,mother,0,1,0,no,no,no,no,yes,yes,yes,yes,4,3,3,1,1,5,0,16,12,12
253,MS,M,17,U,GT3,T,2,0,other,other,reputation,mother,0,2,0,no,no,no,no,yes,yes,yes,yes,3,4,3,0,1,5,2,10,12,12
254,GP,F,15,R,LE3,T,1,2,other,services,other,mother,3,1,0,no,yes,yes,yes,yes,yes,yes,yes,5,2,3,1,1,4,2,5,3,15
255,GP,F,15,U,GT3,T,3,2,other,other,home,mother,1,0,0,no,yes,yes,no,yes,yes,yes,yes,3,0,4,0,0,3,2,5,6,13
256,GP,M,16,U,GT3,T,1,-2,services,other,course,mother,0,1,0,no,no,no,no,yes,yes,no,no,4,3,2,1,1,5,1,12,4,6
257,GP,F,14,R,GT3,T,4,0,health,services,course,mother,1,0,0,no,yes,no,yes,yes,yes,yes,yes,5,4,2,0,3,4,0,2,8,15
258,MS,M,16,R,GT3,T,0,0,other,services,course,father,0,1,0,no,no,no,no,yes,no,no,no,2,2,3,1,0,4,0,6,6,12
259,MS,M,16,U,GT3,T,0,1,health,other,course,mother,0,0,0,no,no,no,no,yes,yes,yes,no,4,2,4,1,2,4,0,10,7,11
260,MS,F,16,U,GT3,A,0,0,at_home,other,reputation,father,1,1,1,no,no,no,no,yes,yes,no,yes,3,2,4,0,1,3,1,10,14,15
261,MS,M,15,R,GT3,T,1,1,services,other,course,mother,0,1,0,no,no,no,no,yes,yes,no,yes,4,0,1,1,1,5,3,8,6,10
262,MS,F,15,R,GT3,T,0,1,services,other,home,mother,1,0,0,no,no,no,no,yes,yes,yes,no,3,3,3,1,1,4,9,9,5,16
263,MS,M,15,U,GT3,T,2,2,services,services,reputation,mother,2,3,0,yes,yes,no,no,yes,yes,no,no,3,2,3,0,1,5,11,12,10,9
264,MS,F,17,U,GT3,T,0,0,services,other,home,mother,1,1,0,no,no,no,yes,yes,yes,yes,yes,4,3,2,1,2,4,3,6,11,13
265,MS,F,16,U,GT3,T,1,3,other,health,home,father,1,2,0,no,yes,no,no,yes,yes,yes,no,1,3,2,0,0,1,39,12,9,20
266,GP,F,15,U,LE3,A,1,3,other,other,course,father,1,1,0,no,no,no,no,yes,yes,no,yes,4,2,2,0,1,4,1,7,6,7
267,MS,F,16,U,GT3,T,1,1,health,other,reputation,father,2,1,0,no,no,no,no,yes,no,yes,yes,5,2,4,1,2,3,0,16,7,15
268,GP,F,15,U,GT3,T,1,0,services,services,home,mother,1,0,0,no,no,no,no,yes,yes,no,no,3,2,5,1,0,5,3,9,13,20
269,GP,M,17,U,GT3,T,1,1,services,services,course,other,3,0,0,no,yes,no,no,yes,yes,yes,no,3,2,3,1,0,4,0,7,9,18
270,MS,F,15,U,LE3,T,3,2,health,other,course,mother,2,0,0,no,yes,no,no,yes,yes,yes,no,5,2,2,3,1,4,7,5,5,13
271,GP,M,14,U,GT3,T,2,2,services,other,course,mother,0,0,1,no,yes,no,no,yes,no,yes,yes,3,3,5,1,4,5,5,7,14,7
272,GP,F,16,U,LE3,T,1,1,other,other,other,mother,1,0,0,no,no,no,no,yes,yes,no,no,4,5,3,1,0,4,23,5,10,9
273,GP,F,14,U,LE3,T,1,1,other,services,reputation,mother,1,1,0,no,no,no,no,yes,no,yes,yes,3,2,3,2,2,4,3,5,9,12
274,MS,F,18,U,GT3,T,1,3,services,other,home,mother,1,1,0,no,no,no,yes,no,yes,yes,yes,3,2,2,1,1,4,34,6,11,12
275,GP,F,18,U,GT3,T,1,2,services,other,reputation,other,2,1,0,no,no,no,yes,yes,yes,yes,no,4,2,3,1,1,4,26,9,13,4
276,GP,F,15,R,LE3,T,0,1,other,other,course,mother,1,1,0,no,yes,no,yes,yes,no,yes,no,5,3,2,1,1,4,1,13,10,-6
277,GP,F,15,R,LE3,T,1,0,health,other,course,mother,0,1,0,no,yes,no,no,yes,yes,no,no,4,3,2,2,1,5,0,6,7,8
278,GP,M,17,R,GT3,T,2,0,services,other,course,mother,1,1,0,no,no,no,no,yes,yes,yes,yes,2,2,4,1,1,4,0,9,12,13
279,GP,F,15,U,GT3,T,1,3,other,services,home,mother,0,1,0,no,yes,no,yes,yes,yes,yes,yes,5,2,3,0,3,4,7,10,14,8
280,GP,M,16,U,LE3,T,1,4,services,other,reputation,mother,1,1,0,no,yes,no,no,yes,yes,yes,no,3,2,5,1,0,3,1,2,9,10
281,GP,M,16,R,LE3,T,3,0,other,other,course,mother,0,1,0,no,no,no,yes,yes,yes,yes,no,3,1,3,0,1,5,0,12,12,12
282,GP,F,15,R,GT3,A,1,1,at_home,at_home,other,father,0,0,0,no,no,no,no,yes,no,yes,no,3,4,2,1,3,4,0,1,16,18
283,GP,M,16,U,GT3,T,3,3,teacher,services,course,mother,0,2,0,no,yes,no,yes,yes,yes,no,no,4,2,3,1,1,4,0,4,5,17
284,MS,M,15,U,LE3,T,2,4,services,other,home,mother,0,1,0,no,yes,yes,no,yes,yes,yes,yes,4,0,5,1,3,3,1,5,5,21
285,GP,M,15,U,GT3,T,1,1,at_home,services,reputation,mother,0,1,0,no,yes,no,no,yes,yes,yes,no,4,2,3,1,1,4,0,6,8,15
286,MS,F,15,R,GT3,T,1,1,other,teacher,course,mother,1,1,0,no,no,no,yes,yes,yes,yes,yes,3,3,5,1,1,4,3,5,9,12
287,GP,M,15,U,GT3,A,1,2,services,teacher,reputation,father,1,2,0,no,no,no,no,yes,yes,yes,no,4,2,4,0,1,4,1,10,9,6
288,MS,M,15,U,GT3,T,0,0,teacher,other,home,mother,0,0,0,yes,yes,no,no,yes,no,yes,yes,4,2,3,1,3,3,0,11,9,13
289,MS,F,16,U,GT3,T,2,0,health,teacher,course,father,0,1,0,no,no,no,yes,yes,yes,yes,no,2,3,4,1,1,4,12,3,13,16
290,GP,M,16,U,GT3,T,0,3,at_home,at_home,course,mother,1,1,0,no,yes,no,no,yes,yes,yes,yes,4,3,2,1,1,0,-1,15,15,17
291,MS,M,15,U,LE3,T,1,0,at_home,other,reputation,mother,0,2,0,no,yes,no,no,yes,no,no,no,4,2,2,1,4,5,12,9,6,13
292,GP,M,15,U,GT3,T,2,0,other,services,home,mother,1,0,0,no,no,no,no,yes,yes,yes,no,3,2,2,1,1,4,1,12,10,12
293,MS,F,16,U,LE3,T,1,2,other,services,reputation,mother,1,1,0,no,no,no,no,yes,yes,yes,no,4,3,3,1,3,2,0,14,16,17
294,MS,M,15,U,LE3,T,1,1,teacher,at_home,reputation,mother,1,1,0,no,yes,no,no,yes,yes,yes,no,3,2,4,1,1,5,48,5,6,15
295,MS,F,16,U,GT3,T,1,2,at_home,services,reputation,mother,1,0,0,no,yes,no,no,yes,yes,yes,yes,4,3,3,0,0,2,1,13,8,19
296,GP,M,19,U,GT3,T,2,1,at_home,at_home,course,mother,1,2,0,no,yes,no,no,yes,no,yes,yes,3,2,4,1,1,4,0,8,13,11
297,GP,F,16,R,LE3,T,1,1,other,services,reputation,mother,0,1,0,no,no,no,no,yes,yes,yes,yes,4,2,4,0,1,5,0,1,10,13
298,GP,M,17,U,LE3,T,1,3,teacher,teacher,reputation,mother,0,1,0,no,no,no,yes,yes,yes,yes,no,1,3,2,1,0,4,1,7,7,13
299,GP,F,17,U,GT3,T,0,1,other,other,reputation,mother,0,1,4,no,no,no,no,yes,yes,yes,no,3,5,3,0,1,5,1,18,9,16
300,GP,M,15,U,GT3,T,2,3,services,other,reputation,other,0,0,0,no,yes,no,yes,yes,yes,no,yes,5,2,3,0,1,0,0,6,6,19
301,MS,F,15,U,GT3,A,1,3,at_home,other,course,father,1,1,0,no,yes,no,no,yes,yes,no,yes,2,1,4,1,2,5,1,6,7,17
302,GP,F,16,U,GT3,T,1,1,teacher,other,course,mother,0,1,0,no,yes,no,no,no,yes,yes,yes,4,2,2,2,2,5,5,3,-2,7
303,MS,F,15,U,LE3,T,2,0,other,other,course,mother,2,1,0,no,no,no,no,yes,yes,yes,no,3,2,3,1,2,4,0,5,8,16
304,GP,F,18,R,GT3,T,1,0,other,other,course,mother,1,1,0,no,no,no,no,yes,yes,yes,no,3,2,2,1,1,4,0,2,4,7
305,MS,M,15,R,LE3,T,1,0,other,other,course,father,0,0,0,no,yes,no,no,yes,no,yes,yes,4,2,2,1,1,4,1,9,13,10
306,GP,F,16,U,GT3,T,2,1,at_home,other,course,father,2,1,0,no,yes,no,yes,yes,yes,no,no,3,3,2,1,0,4,3,1,7,18
307,GP,M,15,R,LE3,T,1,1,services,other,course,mother,0,0,0,no,yes,no,yes,yes,yes,yes,yes,4,2,2,1,3,4,1,10,7,8
308,MS,F,18,R,LE3,T,1,1,other,services,home,mother,1,1,0,yes,yes,no,no,yes,yes,yes,no,3,2,4,1,0,5,2,2,6,10
309,MS,F,17,U,GT3,T,1,2,at_home,services,course,father,1,0,0,no,yes,no,no,yes,yes,yes,no,4,3,2,2,3,4,1,8,9,16
310,GP,M,15,U,LE3,T,1,0,other,other,reputation,mother,1,1,0,no,yes,no,no,yes,yes,yes,yes,4,4,4,0,0,4,2,5,9,15
311,GP,F,16,R,LE3,T,1,2,other,other,home,mother,1,2,0,no,no,no,no,yes,yes,no,no,3,3,5,0,1,4,1,6,16,8
312,GP,F,15,U,GT3,T,1,3,at_home,services,home,mother,1,2,0,no,yes,no,yes,yes,yes,no,no,4,3,2,1,1,4,0,10,10,14
313,GP,F,16,R,LE3,T,2,1,services,services,home,mother,0,1,0,no,yes,no,yes,no,yes,yes,no,3,2,2,0,3,4,0,14,7,7
314,GP,F,16,R,GT3,A,0,2,teacher,at_home,other,father,1,0,0,no,no,no,yes,yes,yes,yes,yes,4,4,3,1,1,2,0,8,11,19
315,MS,M,14,U,LE3,T,0,3,services,other,reputation,mother,0,0,0,no,yes,no,no,yes,no,yes,no,3,3,1,1,4,3,3,11,-4,9
316,GP,F,16,U,GT3,T,3,-1,other,other,course,mother,0,1,0,no,no,no,yes,yes,yes,yes,yes,4,1,3,1,1,4,2,6,6,10
317,GP,M,15,U,GT3,T,1,0,services,other,course,mother,1,1,0,no,no,no,no,yes,yes,yes,no,3,2,4,0,0,4,3,7,4,9
318,MS,F,17,U,LE3,T,3,1,services,services,course,mother,0,3,0,no,yes,no,no,yes,yes,yes,yes,3,3,4,1,0,2,0,3,9,9
319,GP,F,20,U,LE3,T,1,1,services,other,course,mother,2,1,0,no,yes,no,yes,yes,yes,yes,no,4,2,3,1,1,4,3,8,8,17
320,GP,F,17,U,GT3,T,3,1,other,services,course,mother,0,1,0,no,no,no,yes,yes,yes,yes,no,3,2,3,1,2,4,0,12,4,13
321,GP,F,15,U,GT3,T,2,0,other,services,course,mother,0,2,0,no,yes,no,no,yes,yes,yes,no,2,2,1,1,1,4,1,13,8,13
322,MS,F,16,R,GT3,T,2,2,services,other,course,mother,1,1,0,no,yes,no,yes,yes,yes,yes,yes,2,3,4,1,0,4,4,5,5,10
323,GP,F,15,U,GT3,T,2,2,at_home,other,home,mother,2,1,0,no,yes,no,yes,yes,yes,yes,yes,4,2,2,1,1,5,3,7,13,5
324,GP,M,14,R,GT3,T,1,3,other,health,reputation,mother,2,0,0,no,no,no,no,no,yes,yes,no,3,2,4,1,1,4,1,12,5,4
325,MS,M,18,R,LE3,A,1,0,other,services,course,mother,1,0,0,no,no,no,yes,yes,yes,yes,no,3,3,4,0,1,0,0,1,5,13
326,GP,F,16,U,LE3,T,2,0,at_home,other,reputation,mother,0,1,0,no,yes,no,no,yes,yes,yes,no,3,2,2,1,1,4,0,5,15,9
327,MS,M,15,R,LE3,T,1,2,teacher,other,course,other,0,2,0,no,no,no,no,no,yes,no,no,3,1,5,1,1,4,3,2,6,14
328,MS,M,15,U,GT3,T,2,0,teacher,services,course,mother,0,2,0,no,yes,no,no,no,yes,yes,yes,3,2,3,0,1,5,1,7,18,13
329,MS,M,15,U,GT3,T,0,0,other,other,reputation,mother,2,0,0,no,yes,no,no,yes,yes,yes,no,3,2,3,0,0,3,0,10,3,15
330,MS,F,17,U,GT3,T,2,2,other,other,course,mother,0,0,0,no,no,no,yes,yes,yes,yes,no,4,2,4,1,0,4,0,9,14,10
331,MS,F,15,R,LE3,T,1,1,other,teacher,course,mother,1,0,0,yes,yes,no,no,yes,yes,yes,no,2,2,3,0,1,4,22,8,5,18
332,MS,M,15,U,GT3,T,1,0,other,other,course,mother,0,0,0,no,yes,no,no,yes,yes,yes,no,3,2,3,1,0,5,0,5,3,18
333,GP,M,16,R,GT3,T,3,1,services,at_home,course,father,1,1,0,no,yes,no,no,yes,yes,yes,no,4,3,5,1,1,4,3,8,9,8
334,GP,M,14,U,LE3,T,0,3,other,other,course,father,0,0,0,no,no,no,yes,yes,yes,yes,no,3,2,2,1,0,4,0,3,14,15
335,MS,F,15,U,LE3,T,-1,0,other,other,course,mother,0,2,0,no,yes,yes,yes,yes,yes,yes,no,4,3,2,1,1,4,0,9,4,12
336,GP,M,16,U,GT3,T,3,4,at_home,services,reputation,mother,1,1,0,no,yes,no,no,yes,yes,no,no,3,2,3,0,1,4,9,8,8,12
337,MS,F,16,R,LE3,A,1,2,other,services,reputation,mother,1,1,0,no,yes,no,yes,yes,yes,no,no,5,3,2,1,2,4,0,7,11,11
338,GP,M,17,R,GT3,T,1,1,other,at_home,reputation,mother,0,0,1,yes,yes,no,yes,yes,yes,yes,no,5,3,3,1,1,4,5,7,4,4
339,GP,M,15,R,LE3,A,0,3,services,services,course,mother,0,2,0,no,yes,no,no,yes,yes,yes,no,2,0,3,1,2,4,5,7,13,9
340,GP,M,16,U,GT3,A,1,0,services,other,course,mother,0,1,0,no,yes,no,no,yes,yes,no,no,3,4,3,0,1,4,0,2,13,10
341,MS,M,15,U,GT3,T,2,4,teacher,services,course,mother,0,0,0,no,no,no,no,yes,yes,no,no,3,3,2,1,1,5,12,14,7,17
342,MS,F,15,U,LE3,T,0,1,other,other,course,mother,1,0,0,no,no,no,yes,yes,no,yes,no,5,0,4,1,1,1,6,11,7,8
343,MS,M,15,R,GT3,T,0,3,services,services,course,mother,0,0,0,no,yes,no,no,yes,yes,yes,no,2,4,3,6,1,4,3,9,7,18
344,GP,F,15,U,GT3,T,1,0,health,other,reputation,father,0,0,0,no,yes,no,no,yes,yes,yes,yes,3,2,2,1,3,5,2,12,10,20
345,GP,M,16,R,GT3,T,0,3,other,services,course,mother,1,2,0,no,no,no,no,yes,yes,no,no,4,1,3,0,1,4,3,15,10,14
346,GP,M,16,R,GT3,T,3,1,other,other,other,father,0,1,0,no,no,no,yes,yes,yes,no,no,3,2,5,0,1,5,0,6,9,15
347,GP,F,18,R,GT3,T,1,3,other,health,course,other,3,1,0,no,yes,no,yes,no,yes,yes,yes,4,4,4,0,3,5,4,5,6,13
348,GP,M,16,U,GT3,T,0,4,services,health,home,mother,2,1,0,no,yes,no,no,yes,yes,no,no,4,3,3,1,4,5,15,14,8,17
349,MS,F,16,U,GT3,T,0,2,services,at_home,other,mother,0,1,0,no,no,no,no,yes,yes,yes,yes,3,3,2,1,3,3,4,9,5,15
350,GP,F,15,U,GT3,T,3,1,other,other,course,other,0,2,0,no,yes,no,no,no,yes,yes,no,3,2,1,0,1,1,3,6,13,10
351,MS,F,17,U,GT3,T,3,0,other,other,course,mother,0,1,0,no,yes,no,no,yes,yes,no,no,4,2,2,1,1,4,1,6,11,14
352,MS,M,16,U,GT3,T,1,0,other,at_home,reputation,mother,0,1,0,no,no,no,yes,yes,yes,no,no,3,2,3,1,1,5,0,6,5,14
353,MS,F,16,U,GT3,T,0,1,other,services,reputation,mother,0,0,0,no,no,no,no,yes,yes,yes,no,2,3,3,1,0,5,0,13,7,17
354,MS,F,15,U,GT3,T,2,4,at_home,services,other,mother,1,1,0,no,no,no,yes,yes,yes,yes,yes,4,3,3,1,1,4,3,12,7,12
355,GP,M,15,U,GT3,T,3,1,at_home,other,course,mother,1,1,0,no,no,no,yes,yes,yes,yes,yes,5,2,2,3,1,4,0,9,5,6
356,GP,F,16,U,GT3,T,2,2,other,other,other,mother,1,0,0,no,no,no,no,yes,no,yes,yes,3,2,2,1,1,5,0,5,5,14
357,MS,F,16,U,GT3,T,0,2,health,services,course,mother,0,1,0,no,yes,no,no,yes,yes,no,no,4,2,4,1,0,4,2,14,9,12
358,MS,M,18,U,LE3,T,3,1,services,other,reputation,mother,1,2,0,no,yes,no,no,yes,yes,yes,no,4,2,3,0,2,4,2,7,9,21
359,GP,F,16,U,GT3,T,1,1,services,services,home,mother,1,0,0,no,yes,no,no,no,yes,no,yes,3,2,4,1,1,4,0,19,5,12
360,GP,M,15,U,LE3,T,0,1,other,services,home,father,1,2,0,no,yes,no,no,yes,yes,yes,no,4,2,0,1,0,4,2,8,12,7
361,GP,F,16,R,GT3,T,1,3,teacher,teacher,reputation,mother,1,1,0,no,yes,no,yes,yes,yes,no,no,4,3,1,3,0,4,8,17,10,15
362,MS,F,16,U,GT3,T,1,2,other,other,course,mother,1,3,0,no,no,no,no,yes,yes,yes,yes,3,3,3,2,1,4,2,9,15,15
363,MS,F,16,U,GT3,T,2,0,health,services,home,mother,0,1,0,no,no,no,no,no,yes,no,no,4,2,4,1,2,4,1,5,6,13
364,GP,M,17,R,LE3,T,1,1,services,services,course,mother,0,1,0,no,yes,no,yes,yes,yes,no,yes,5,2,2,1,0,3,0,6,10,14
365,GP,F,17,U,LE3,T,0,0,other,services,home,mother,1,2,0,no,no,no,no,no,yes,yes,no,4,3,4,1,3,4,0,8,17,11
366,GP,M,16,U,LE3,T,2,1,at_home,other,reputation,other,0,2,0,no,no,no,yes,no,no,yes,no,4,4,2,1,1,5,0,7,6,13
367,GP,M,16,U,LE3,T,0,1,other,services,home,mother,1,0,0,no,yes,no,no,no,yes,no,yes,4,2,2,1,4,4,17,8,14,18
368,MS,M,17,U,LE3,T,0,3,other,other,course,mother,0,1,0,no,yes,no,yes,no,yes,yes,yes,5,3,2,1,2,1,0,3,6,16
369,GP,F,17,R,GT3,T,0,1,services,other,reputation,mother,0,1,0,no,yes,no,no,yes,yes,yes,no,4,2,2,1,2,4,1,4,9,12
370,MS,M,18,U,GT3,T,0,1,other,health,course,mother,0,0,0,no,no,no,yes,no,yes,yes,yes,4,2,1,1,0,4,0,13,11,15
371,MS,F,15,U,GT3,T,0,0,other,other,course,father,1,0,0,no,yes,no,no,yes,yes,no,yes,2,2,5,1,1,5,0,9,8,13
372,GP,F,16,U,GT3,T,1,0,other,other,other,mother,1,0,0,no,no,no,no,yes,yes,yes,no,3,3,3,1,2,4,1,4,6,19
373,GP,F,15,U,GT3,T,3,1,other,health,home,father,0,4,0,no,no,no,yes,no,yes,yes,yes,3,5,2,1,1,5,0,1,4,8
374,MS,F,16,R,GT3,T,1,3,other,health,course,mother,1,1,0,no,yes,no,no,yes,yes,no,yes,5,2,1,0,2,4,0,4,7,13
375,GP,M,15,R,LE3,T,2,3,teacher,other,course,mother,1,0,0,no,no,no,no,yes,yes,yes,yes,3,2,2,1,1,5,-1,11,12,12
376,MS,F,16,U,GT3,T,2,2,services,other,course,mother,1,1,0,no,no,no,no,yes,yes,yes,yes,3,4,5,1,1,4,1,5,7,19
377,MS,M,15,U,GT3,T,1,0,other,other,course,mother,1,0,0,no,no,no,yes,yes,yes,yes,yes,3,2,2,1,1,5,0,11,8,14
378,GP,M,14,U,GT3,T,2,0,other,other,reputation,mother,0,0,0,no,yes,no,yes,no,yes,yes,no,3,4,4,1,1,4,7,13,6,10
379,MS,M,15,R,GT3,T,0,3,at_home,services,other,mother,3,1,0,no,yes,no,no,yes,yes,yes,no,4,3,3,1,1,4,3,5,17,5
380,MS,M,16,U,LE3,T,0,0,services,teacher,course,father,0,1,0,no,yes,yes,no,yes,yes,yes,no,1,3,1,1,1,4,0,5,8,15
381,GP,M,16,R,GT3,T,2,1,services,other,course,mother,1,2,0,no,yes,no,no,no,yes,no,yes,3,2,2,0,2,4,0,11,16,17
382,MS,M,14,U,GT3,T,1,2,other,health,course,mother,3,0,0,no,yes,no,no,yes,yes,yes,yes,0,1,5,1,1,4,0,2,4,16
383,MS,F,16,R,GT3,T,1,1,other,other,other,mother,0,1,0,no,yes,no,no,no,yes,yes,no,3,2,3,1,0,5,3,15,14,15
384,MS,M,17,U,GT3,T,3,1,other,other,course,mother,0,1,0,no,yes,no,yes,no,yes,no,no,5,2,4,0,2,4,0,15,5,13
385,GP,M,18,U,GT3,T,2,2,services,services,course,mother,1,2,0,no,no,no,no,yes,yes,yes,yes,4,3,3,1,1,4,0,7,5,16
386,MS,F,15,U,LE3,T,2,1,other,other,reputation,mother,1,1,0,yes,no,no,no,yes,yes,no,yes,3,4,2,1,1,5,0,9,14,20
387,GP,M,17,U,LE3,T,1,0,health,services,course,mother,0,0,0,no,no,no,yes,yes,yes,yes,no,4,4,3,3,3,5,5,6,9,6
388,MS,M,16,U,GT3,T,3,0,services,other,course,father,1,2,0,no,yes,no,no,yes,yes,yes,no,5,2,1,1,1,4,0,9,6,1
389,GP,M,16,U,GT3,T,1,1,teacher,services,home,father,1,1,0,no,no,no,yes,yes,yes,yes,no,4,3,3,1,3,0,0,10,13,6
390,GP,M,17,U,GT3,T,0,2,services,other,course,mother,1,1,0,no,yes,no,no,yes,yes,no,no,4,2,3,0,1,1,0,6,9,18
391,GP,F,16,R,GT3,T,0,2,teacher,other,other,mother,3,2,0,yes,yes,no,no,yes,yes,yes,yes,3,3,2,0,2,3,14,3,9,18
392,MS,M,14,U,GT3,T,1,2,services,services,home,mother,1,1,0,no,yes,no,no,yes,yes,no,yes,3,2,2,0,1,5,2,12,4,11
393,GP,F,17,U,LE3,T,3,0,other,services,reputation,father,0,1,0,no,no,yes,no,yes,yes,yes,no,4,3,2,1,1,1,0,5,6,12
394,GP,F,14,R,LE3,T,0,3,other,other,home,mother,0,0,0,no,yes,yes,no,no,yes,yes,no,3,4,3,1,2,5,0,9,9,11
395,GP,F,16,U,GT3,T,3,0,other,other,reputation,mother,1,1,0,no,yes,yes,yes,yes,yes,yes,no,3,3,2,1,1,4,0,10,6,16
396,MS,F,18,U,GT3,T,2,0,at_home,other,course,mother,0,1,0,no,yes,no,yes,yes,yes,yes,no,3,2,3,2,3,4,4,6,4,17
397,GP,M,17,U,LE3,T,1,0,at_home,health,reputation,mother,0,1,0,no,no,no,yes,yes,yes,yes,yes,3,4,2,1,1,4,0,16,3,13
398,GP,M,16,R,LE3,T,1,0,teacher,other,home,mother,1,0,0,no,no,no,no,yes,yes,yes,no,3,0,2,5,1,4,5,12,7,12
399,GP,M,15,U,GT3,T,1,2,at_home,other,course,mother,0,2,0,no,yes,no,yes,yes,yes,yes,no,3,3,3,1,2,4,1,14,11,7
400,MS,M,15,U,LE3,T,2,1,at_home,other,course,mother,2,0,0,no,yes,no,yes,yes,no,yes,yes,5,4,2,1,1,1,2,4,7,12
401,GP,M,16,R,GT3,T,2,3,services,other,home,mother,1,0,0,no,yes,no,yes,no,yes,no,yes,5,2,3,5,3,2,4,5,4,10
402,MS,M,17,U,LE3,T,0,2,at_home,other,home,father,0,0,0,no,no,no,no,yes,yes,yes,yes,4,3,2,0,0,4,0,5,6,14
403,MS,F,15,U,GT3,T,1,3,other,other,home,mother,0,1,0,no,no,no,yes,yes,yes,yes,no,3,3,1,1,0,4,0,3,12,16
404,GP,M,15,U,GT3,T,0,1,other,other,other,mother,0,0,0,no,yes,no,yes,yes,yes,no,no,4,2,2,0,0,5,2,7,7,9
405,MS,M,15,R,LE3,T,2,1,services,other,course,father,0,1,0,no,yes,no,no,yes,yes,no,yes,4,2,2,1,2,2,1,6,10,9
406,GP,M,15,U,LE3,T,3,0,services,services,other,mother,2,2,0,no,no,yes,yes,yes,yes,yes,no,4,1,2,0,4,5,1,5,5,9
407,MS,M,15,U,GT3,T,3,1,other,services,course,father,1,2,0,no,no,no,yes,yes,yes,no,no,4,3,4,1,3,0,0,13,5,17
408,GP,M,17,U,GT3,T,0,1,at_home,other,course,mother,1,2,0,no,yes,no,no,yes,yes,yes,no,3,2,2,0,0,0,0,7,15,11
409,MS,M,16,U,GT3,T,0,1,at_home,other,reputation,mother,0,1,0,no,yes,no,yes,yes,no,no,no,3,3,4,5,2,4,0,13,11,7
410,GP,F,16,U,GT3,T,2,0,services,services,course,mother,1,1,0,no,yes,no,yes,yes,yes,no,no,4,3,3,1,3,4,0,13,6,18
411,MS,M,17,U,GT3,T,3,0,at_home,other,reputation,mother,1,1,0,no,yes,no,no,yes,yes,yes,yes,3,2,4,0,1,5,0,3,8,16
412,GP,M,14,U,GT3,T,2,1,at_home,services,home,mother,1,0,0,no,no,no,no,yes,yes,yes,yes,3,3,2,2,0,3,5,5,8,10
413,MS,F,17,U,GT3,T,0,4,other,services,other,mother,1,1,0,no,yes,no,no,yes,yes,yes,no,4,2,2,0,3,2,0,11,11,10
414,GP,M,19,R,LE3,T,2,1,services,services,home,mother,0,1,0,no,yes,no,no,no,yes,yes,yes,3,2,3,1,1,5,0,15,12,8
415,MS,F,15,U,LE3,T,3,0,other,other,reputation,father,0,2,0,no,yes,no,yes,no,yes,yes,no,3,3,2,1,4,2,3,7,9,18
416,MS,M,15,U,LE3,T,1,1,other,services,home,mother,0,1,0,no,no,yes,no,yes,yes,yes,yes,4,3,3,0,1,5,3,13,11,15
417,MS,F,16,R,LE3,T,3,1,other,services,other,mother,2,2,0,yes,no,no,yes,yes,no,yes,yes,3,2,3,1,0,4,1,8,5,13
418,GP,F,15,R,GT3,T,3,0,services,health,course,mother,1,2,0,no,yes,yes,no,yes,no,yes,yes,3,2,2,1,2,4,21,8,10,11
419,MS,F,17,R,LE3,T,1,0,other,other,other,mother,2,2,0,no,yes,no,no,yes,yes,yes,no,4,1,2,1,0,0,0,6,5,15
420,GP,M,15,U,GT3,T,-1,3,teacher,at_home,home,father,0,1,0,no,yes,no,no,yes,yes,no,yes,4,2,2,1,4,4,0,6,6,9
421,GP,F,17,U,LE3,T,3,1,teacher,other,course,mother,2,0,0,no,yes,no,no,yes,yes,yes,no,5,2,2,0,2,4,0,10,9,9
422,GP,F,15,R,GT3,T,2,0,other,other,reputation,mother,1,1,0,no,yes,no,no,yes,yes,no,yes,4,2,1,1,1,4,-1,4,4,17
423,GP,M,15,U,LE3,T,0,1,at_home,health,reputation,mother,0,1,0,no,no,no,no,yes,yes,no,no,4,2,1,1,1,2,0,1,9,7
424,GP,F,16,R,LE3,T,1,4,other,other,home,mother,1,0,0,no,no,no,yes,yes,yes,yes,no,3,2,1,1,1,4,12,6,6,15
425,GP,F,16,U,GT3,T,3,3,at_home,other,reputation,mother,0,0,0,no,no,no,yes,yes,no,yes,yes,3,1,4,1,5,4,0,12,8,16
426,MS,F,17,R,LE3,T,-1,1,other,other,course,mother,1,1,0,no,yes,no,no,no,yes,no,yes,3,2,3,1,1,0,0,13,16,10
427,MS,F,16,U,GT3,T,0,1,teacher,services,home,mother,0,1,0,no,yes,no,no,yes,yes,yes,no,4,2,3,1,1,0,2,10,11,11
428,MS,M,15,R,GT3,T,3,2,services,other,course,mother,0,2,0,no,no,no,yes,yes,yes,yes,yes,3,3,2,1,4,2,2,12,14,9
429,MS,F,15,U,LE3,T,3,0,other,services,reputation,mother,0,1,0,no,no,no,yes,yes,yes,no,no,3,3,2,1,1,4,-1,8,4,14
430,GP,M,14,R,LE3,T,1,0,teacher,other,course,mother,1,1,0,no,yes,yes,yes,yes,yes,yes,no,3,2,4,0,3,1,1,9,11,11
431,MS,M,15,U,LE3,T,3,0,other,services,reputation,mother,0,3,0,no,no,no,yes,yes,yes,yes,yes,4,2,2,1,1,4,0,1,6,16
432,GP,F,17,U,LE3,T,0,-2,other,teacher,course,mother,0,1,0,no,no,no,no,yes,yes,yes,yes,3,2,2,1,0,0,3,11,11,14
433,MS,F,15,U,GT3,T,0,1,at_home,other,course,mother,1,1,0,no,yes,no,no,yes,yes,yes,no,4,2,5,1,6,1,1,5,8,9
434,GP,M,15,U,LE3,T,1,0,health,other,course,mother,1,0,0,no,yes,no,no,yes,yes,yes,yes,4,2,2,1,1,5,0,9,10,12
435,GP,F,17,U,GT3,T,3,0,other,other,course,mother,0,1,0,no,yes,no,yes,yes,yes,yes,yes,5,2,2,1,0,4,0,4,8,9
436,GP,F,15,U,LE3,T,1,0,services,other,reputation,mother,1,0,0,no,no,no,no,yes,yes,yes,no,4,4,1,1,0,4,0,10,4,17
437,GP,F,15,R,GT3,T,1,3,at_home,other,home,father,0,0,0,no,no,no,no,yes,yes,yes,no,5,2,3,1,4,2,0,9,5,10
438,GP,M,15,R,GT3,T,0,0,services,services,home,mother,2,1,0,no,no,no,no,yes,yes,yes,no,3,2,4,1,1,3,7,6,11,13
439,GP,F,16,U,GT3,T,2,3,services,other,course,mother,0,1,0,no,yes,no,no,yes,yes,yes,yes,3,2,5,1,1,5,3,5,7,13
440,GP,F,15,U,LE3,T,3,1,other,other,home,mother,0,1,0,no,yes,no,yes,yes,yes,yes,no,4,3,3,1,1,4,4,5,5,11
441,MS,M,18,U,GT3,T,0,1,other,teacher,reputation,mother,1,0,0,no,yes,no,yes,yes,yes,yes,yes,3,2,2,1,1,4,8,11,5,8
442,GP,F,16,U,GT3,T,2,2,other,services,course,mother,2,2,0,no,yes,yes,no,yes,yes,yes,no,3,4,2,1,1,4,0,6,10,7
443,MS,F,16,R,LE3,T,1,1,other,other,home,mother,1,0,0,yes,yes,no,no,yes,yes,yes,yes,3,3,4,1,2,3,0,8,13,9
444,MS,M,16,R,GT3,T,3,1,services,health,course,mother,0,0,0,no,no,no,no,yes,yes,yes,no,3,4,4,1,1,2,0,5,6,12
445,GP,F,20,R,LE3,T,1,3,other,services,course,other,0,3,0,no,no,no,no,yes,yes,yes,no,4,3,2,0,1,5,3,7,15,12
446,MS,F,16,R,GT3,T,2,1,teacher,services,course,mother,0,2,0,no,yes,no,no,no,yes,yes,yes,3,3,2,1,1,4,0,14,9,8
447,GP,F,16,U,GT3,T,1,1,teacher,health,reputation,other,1,1,0,no,yes,no,yes,yes,yes,yes,yes,3,3,2,1,0,4,4,7,7,10
448,MS,F,14,U,GT3,T,1,2,at_home,teacher,home,mother,0,2,0,no,no,no,yes,yes,yes,yes,no,4,3,2,3,2,4,0,5,7,11
449,MS,M,18,U,LE3,T,1,3,services,other,reputation,mother,1,1,0,no,no,no,yes,yes,yes,yes,no,4,2,3,1,2,4,3,4,10,16
450,GP,M,15,U,GT3,T,0,1,other,services,other,mother,0,0,0,no,no,no,no,yes,yes,yes,no,3,1,2,1,2,2,2,10,5,11
451,GP,F,18,U,LE3,T,0,1,other,other,home,mother,1,1,0,yes,yes,no,no,yes,no,no,no,3,2,2,1,4,3,0,7,7,12
452,GP,M,17,U,LE3,T,3,1,other,other,other,mother,1,1,1,yes,yes,no,no,yes,yes,yes,no,4,2,3,1,1,1,0,8,11,18
453,MS,M,17,U,LE3,T,0,4,other,teacher,course,father,0,3,4,no,yes,no,yes,yes,yes,yes,no,2,2,4,1,1,4,5,8,5,13
454,GP,F,16,U,GT3,T,2,0,teacher,other,home,mother,1,0,0,no,yes,no,no,yes,yes,no,no,3,2,2,1,1,4,0,16,10,5
455,GP,M,15,R,GT3,T,1,0,services,services,home,father,0,1,0,no,yes,no,no,yes,no,yes,no,3,2,2,1,1,4,1,18,10,6
456,MS,F,17,R,GT3,T,0,1,other,health,reputation,mother,0,1,0,no,yes,no,no,yes,yes,yes,no,4,3,5,1,0,5,0,4,6,7
457,MS,F,16,R,GT3,T,1,1,other,teacher,course,other,1,1,0,yes,yes,no,yes,yes,yes,yes,yes,4,3,4,1,2,1,0,7,9,15
458,MS,M,15,U,LE3,T,2,0,health,other,course,mother,1,2,0,no,no,no,yes,no,yes,yes,yes,3,2,4,1,3,4,2,12,7,12
459,GP,F,16,U,GT3,T,1,-2,other,other,course,father,0,2,0,no,no,yes,yes,yes,yes,yes,yes,4,2,2,1,0,1,1,3,6,9
460,GP,F,14,R,GT3,T,1,0,other,other,home,mother,2,0,0,no,no,no,no,yes,yes,no,no,3,3,1,2,1,4,0,8,5,20
461,MS,F,17,U,LE3,T,1,1,at_home,other,home,mother,0,0,0,no,no,no,no,yes,yes,yes,yes,3,2,3,1,1,4,13,14,-2,13
462,MS,F,15,U,GT3,T,2,-1,other,other,reputation,mother,0,1,0,no,yes,no,no,yes,yes,yes,yes,3,3,4,1,0,4,2,8,13,15
463,GP,F,17,U,GT3,T,1,3,at_home,services,course,mother,1,2,0,no,yes,yes,no,yes,no,yes,no,3,5,2,0,1,4,0,7,7,16
464,MS,M,15,R,LE3,T,0,1,other,services,reputation,mother,1,1,0,no,no,no,yes,yes,yes,no,no,4,2,2,1,1,4,0,3,10,9
465,MS,M,17,U,LE3,T,1,3,other,other,other,mother,1,0,0,no,no,no,yes,yes,yes,no,no,3,2,5,1,1,1,2,10,9,13
466,GP,F,18,R,LE3,T,1,0,other,services,home,mother,1,0,0,no,yes,no,no,no,yes,yes,no,4,3,2,1,1,4,10,13,12,13
467,GP,M,16,U,GT3,T,0,3,health,other,reputation,mother,1,0,0,no,no,no,no,yes,yes,yes,no,0,5,2,2,0,4,0,6,14,15
468,MS,F,16,R,GT3,T,0,3,other,services,course,mother,0,0,0,no,no,no,no,yes,yes,yes,no,3,2,4,1,1,5,5,14,15,13
469,GP,M,15,U,LE3,T,3,0,other,services,reputation,mother,2,2,0,no,yes,no,no,yes,yes,yes,no,0,2,2,0,3,4,0,14,5,17
470,GP,F,15,U,GT3,T,0,1,other,at_home,home,mother,1,1,0,no,no,no,no,yes,yes,no,yes,2,2,3,1,1,4,13,9,13,14
471,MS,M,14,U,GT3,T,3,2,teacher,other,reputation,father,1,0,0,no,yes,no,yes,yes,yes,yes,no,5,3,5,4,2,4,0,5,3,14
472,MS,M,15,U,LE3,T,0,3,services,health,other,mother,2,1,0,no,no,no,no,yes,yes,no,no,4,3,3,1,1,4,1,14,4,3
473,MS,F,17,U,GT3,T,1,2,other,other,course,mother,1,0,0,no,yes,no,no,yes,yes,no,yes,4,2,1,0,1,0,0,9,8,16
474,MS,M,17,U,GT3,T,0,0,other,other,course,other,2,1,0,no,no,no,yes,no,no,yes,no,4,2,2,1,0,4,12,12,3,20
475,MS,F,15,U,GT3,T,-2,1,at_home,teacher,course,mother,0,1,0,no,yes,no,no,yes,yes,yes,no,3,3,2,0,1,4,2,8,10,12
476,MS,F,15,U,GT3,T,0,3,services,other,reputation,mother,1,0,0,no,no,no,yes,yes,yes,yes,yes,4,3,3,1,1,4,14,8,4,10
477,MS,M,18,U,GT3,T,2,1,other,services,reputation,mother,1,1,0,no,no,no,no,yes,yes,yes,yes,3,3,3,1,2,2,0,7,4,10
478,GP,F,14,U,GT3,T,1,3,other,at_home,reputation,mother,1,1,0,no,yes,no,no,yes,yes,yes,no,5,3,4,0,1,0,0,8,15,11
479,MS,M,16,U,LE3,T,0,0,other,other,course,mother,0,1,0,no,no,no,no,yes,yes,yes,no,3,3,2,1,0,1,8,4,4,16
480,GP,M,17,U,GT3,T,0,0,other,other,other,mother,0,2,0,no,yes,no,no,yes,no,yes,yes,3,2,5,2,1,1,1,4,8,18
481,MS,F,15,U,LE3,T,1,3,services,other,course,father,0,2,0,no,no,no,no,yes,yes,yes,no,4,2,2,1,1,4,9,17,6,8
482,GP,F,16,U,LE3,T,0,1,services,other,course,mother,0,0,0,no,yes,no,no,no,yes,yes,yes,5,2,3,1,4,2,0,7,8,6
483,MS,F,15,U,GT3,T,2,1,other,other,reputation,father,1,2,0,no,yes,yes,yes,yes,yes,no,yes,4,3,3,0,5,4,1,3,8,12
484,GP,M,16,U,GT3,T,0,3,at_home,services,reputation,mother,1,1,0,no,no,no,no,no,yes,yes,no,3,4,5,1,2,4,1,8,14,4
485,GP,M,17,U,GT3,T,-1,1,services,other,course,mother,0,0,0,no,yes,no,no,yes,yes,no,no,4,3,2,1,4,1,1,3,5,13
486,GP,M,17,U,GT3,T,3,0,services,other,other,mother,0,1,0,no,yes,no,no,no,yes,yes,no,3,5,5,1,0,3,1,19,14,11
487,GP,F,16,U,GT3,T,2,3,services,services,reputation,mother,1,0,0,no,no,no,no,yes,yes,yes,no,5,3,2,2,2,4,13,18,11,9
488,MS,M,17,U,LE3,T,3,1,services,other,reputation,father,1,2,0,no,yes,no,no,yes,yes,yes,no,4,2,2,0,1,4,0,9,10,6
489,MS,M,16,U,GT3,T,1,3,other,other,reputation,mother,0,0,0,no,yes,no,no,yes,yes,yes,yes,3,3,3,1,1,2,0,4,9,17
490,MS,F,16,U,GT3,T,3,0,teacher,other,course,father,0,0,0,no,no,no,no,yes,yes,yes,no,4,1,5,1,1,4,0,6,7,12
491,MS,F,14,U,GT3,T,0,0,other,other,home,mother,1,1,0,yes,no,no,no,yes,yes,yes,no,1,2,2,2,2,4,0,12,7,13
492,MS,M,16,U,GT3,T,0,3,other,services,other,father,1,0,0,yes,yes,no,no,yes,yes,no,no,3,2,4,6,1,4,4,9,4,11
493,MS,F,15,U,LE3,T,1,0,other,health,course,mother,0,1,0,no,yes,no,no,yes,yes,yes,no,4,2,1,1,1,4,2,5,12,18
494,GP,F,16,U,GT3,T,0,2,services,at_home,home,mother,0,0,0,no,yes,no,yes,no,yes,no,yes,3,3,2,1,1,4,0,6,6,10
495,GP,M,16,U,GT3,T,3,0,services,other,course,mother,0,0,0,no,yes,no,yes,yes,yes,yes,yes,0,3,3,0,1,5,12,7,11,11
496,GP,F,16,R,LE3,T,2,4,teacher,other,reputation,mother,0,1,0,no,yes,no,no,yes,yes,yes,no,5,2,5,1,0,4,0,9,7,12
497,MS,F,16,U,GT3,T,2,0,at_home,services,home,mother,1,1,0,no,no,yes,no,no,yes,yes,no,4,2,5,0,2,4,2,11,11,14
498,MS,M,17,U,GT3,T,2,0,other,other,course,mother,1,2,0,no,no,no,yes,yes,yes,yes,yes,2,2,3,0,1,3,1,6,4,8
499,GP,M,17,U,GT3,T,2,2,services,services,course,mother,0,0,0,yes,yes,no,yes,yes,yes,yes,no,3,4,2,1,3,4,1,5,-3,8
500,GP,M,15,U,GT3,T,3,1,other,health,course,mother,0,0,0,no,no,no,yes,yes,yes,no,yes,3,2,2,3,2,4,1,9,9,16
501,MS,M,15,R,GT3,T,3,0,teacher,other,home,mother,0,1,0,no,yes,no,no,yes,yes,yes,yes,5,3,2,1,1,4,0,14,6,10
502,GP,F,17,U,GT3,T,2,2,teacher,other,home,mother,1,1,0,no,yes,no,no,yes,yes,no,no,4,1,2,1,1,1,22,13,8,16
503,MS,F,16,R,GT3,T,3,1,at_home,other,home,other,0,1,0,no,yes,no,yes,yes,yes,yes,no,4,3,1,2,4,4,6,11,6,17
504,GP,F,17,R,GT3,T,1,3,other,services,course,mother,0,1,0,no,no,no,yes,yes,yes,yes,no,3,3,5,0,4,4,0,5,6,6
505,MS,F,15,U,GT3,T,1,3,other,other,course,father,1,0,0,no,yes,no,yes,yes,no,yes,no,4,2,3,1,0,5,1,6,6,20
506,GP,M,18,U,GT3,T,1,2,services,other,home,mother,1,0,0,no,yes,no,yes,yes,yes,yes,no,4,3,3,0,1,4,2,5,9,20
507,MS,M,15,U,LE3,T,2,0,other,other,course,mother,1,1,0,no,yes,no,no,no,yes,yes,no,3,2,3,1,3,5,1,10,3,16
508,MS,M,15,U,GT3,T,0,2,teacher,other,course,mother,0,1,0,no,no,no,no,yes,yes,yes,no,3,3,3,1,1,5,0,7,12,17
509,MS,F,17,R,LE3,T,2,0,services,other,course,mother,1,1,3,no,yes,no,no,yes,yes,yes,yes,4,3,1,1,2,2,-1,9,10,13
510,MS,F,16,U,GT3,T,3,1,at_home,services,reputation,mother,1,0,4,yes,yes,no,no,yes,yes,yes,yes,3,2,2,5,1,3,1,10,8,14
511,GP,M,16,U,GT3,T,2,1,other,other,reputation,mother,2,1,0,no,no,no,yes,no,yes,yes,no,3,3,4,1,2,3,5,13,5,9
512,MS,M,16,U,GT3,T,0,0,health,other,course,other,1,0,0,no,yes,no,yes,yes,yes,no,no,4,4,2,1,1,5,3,5,8,13
513,GP,M,14,R,GT3,T,2,1,other,other,course,mother,1,2,0,no,no,no,no,yes,yes,yes,yes,5,2,2,1,2,2,0,4,5,14
514,GP,M,15,U,GT3,T,2,1,services,other,reputation,mother,1,2,0,no,no,no,yes,yes,yes,yes,yes,3,0,3,1,1,4,0,11,9,9
515,MS,M,15,U,GT3,T,-1,0,at_home,other,home,mother,1,1,1,yes,yes,no,no,yes,yes,yes,yes,4,2,5,1,1,4,2,4,5,19
516,MS,F,16,R,LE3,T,0,0,teacher,other,home,mother,0,1,0,no,yes,no,no,yes,yes,yes,no,3,3,4,2,0,5,1,11,11,12
517,GP,F,17,U,LE3,T,1,2,services,other,reputation,mother,0,1,0,no,yes,no,yes,yes,yes,no,yes,4,4,3,1,0,4,0,4,9,16
518,MS,M,18,U,GT3,T,0,1,other,other,course,mother,0,0,4,no,no,no,yes,yes,yes,yes,no,3,2,3,1,1,5,2,9,12,8
519,MS,M,16,U,GT3,T,3,1,services,other,reputation,mother,0,1,0,no,no,no,yes,yes,yes,yes,yes,0,2,3,1,1,4,0,9,9,13
520,GP,F,18,U,GT3,T,1,1,other,services,home,mother,3,1,0,no,yes,no,no,yes,yes,yes,no,3,2,4,1,2,2,3,6,9,17
521,MS,F,15,U,GT3,T,2,1,services,services,course,mother,1,1,0,no,yes,no,no,yes,yes,yes,yes,3,2,3,1,2,1,1,11,7,20
522,GP,F,15,U,GT3,T,0,0,at_home,services,course,mother,1,1,0,no,no,no,no,yes,yes,no,no,3,3,2,1,4,4,1,11,7,9
523,MS,M,18,U,LE3,T,3,0,health,services,course,mother,1,0,0,no,yes,no,yes,yes,yes,yes,yes,3,2,2,1,2,4,0,6,4,18
524,MS,F,15,R,LE3,T,2,-1,other,other,home,father,1,1,0,no,no,no,no,yes,yes,yes,yes,3,1,3,2,1,4,0,13,8,1
525,GP,M,16,R,GT3,T,3,2,health,other,course,mother,1,2,0,no,yes,no,yes,yes,yes,yes,yes,4,2,4,2,2,5,0,4,11,1
526,GP,M,15,U,GT3,T,3,1,teacher,other,course,mother,0,1,0,no,no,no,yes,yes,yes,yes,no,4,3,5,1,1,4,18,14,9,9
527,GP,M,17,U,GT3,T,0,0,services,health,reputation,father,1,1,0,no,no,no,no,yes,yes,yes,no,3,3,5,1,5,4,2,6,4,11
528,GP,F,16,U,LE3,T,1,3,other,other,reputation,father,2,0,0,no,no,no,yes,yes,no,yes,yes,5,3,3,5,3,4,0,5,7,9
529,GP,M,16,U,GT3,T,0,1,at_home,other,reputation,mother,1,4,0,no,yes,yes,no,yes,yes,yes,yes,3,4,3,1,1,4,3,8,7,19
530,GP,F,16,U,LE3,T,3,0,services,teacher,reputation,father,0,0,0,yes,no,no,yes,yes,yes,yes,yes,3,2,3,1,4,0,0,10,9,17
531,GP,F,15,R,LE3,T,1,0,at_home,other,course,mother,2,1,0,no,yes,yes,no,yes,yes,yes,no,4,1,4,1,1,4,0,6,7,7
532,GP,F,15,U,GT3,T,1,0,at_home,other,home,mother,0,1,0,no,no,no,no,yes,no,yes,no,3,0,2,0,3,2,0,6,16,15
533,GP,F,15,U,LE3,T,1,1,other,at_home,reputation,mother,0,1,0,no,no,no,no,yes,yes,yes,yes,5,2,5,1,0,3,13,4,8,10
534,GP,F,16,R,LE3,T,2,1,other,other,other,mother,1,2,0,no,yes,no,no,yes,yes,yes,no,3,3,2,0,0,4,6,11,9,17
535,MS,F,18,U,GT3,A,0,2,services,other,reputation,mother,0,1,0,no,yes,no,no,yes,yes,yes,no,4,2,3,1,1,5,1,5,3,19
536,MS,F,15,U,GT3,T,3,0,other,other,course,mother,0,1,0,no,yes,no,no,yes,yes,yes,no,3,1,5,1,1,3,0,7,14,3
537,MS,F,14,U,LE3,T,0,1,health,other,reputation,mother,0,1,0,no,no,no,yes,yes,no,yes,no,4,4,3,1,1,4,12,8,11,17
538,GP,F,16,R,GT3,T,0,2,other,other,course,mother,1,1,0,no,no,no,no,yes,yes,yes,no,3,2,3,1,4,4,2,0,19,9
539,GP,F,15,R,GT3,T,1,2,other,other,reputation,mother,0,1,0,no,no,no,no,yes,yes,yes,yes,3,2,2,0,1,4,1,16,8,10
540,MS,M,16,U,LE3,T,1,1,other,services,course,mother,0,0,0,no,no,no,yes,yes,yes,yes,no,4,3,4,0,1,3,2,4,6,17
541,MS,F,15,U,GT3,T,0,1,other,other,course,mother,1,1,0,no,no,no,yes,yes,yes,yes,no,4,2,4,0,1,4,0,5,5,18
542,GP,F,18,U,GT3,T,0,1,other,services,course,mother,2,0,0,no,yes,no,no,yes,yes,yes,no,5,3,4,0,1,4,0,6,12,13
543,GP,F,16,U,GT3,T,0,1,other,other,reputation,other,1,1,0,yes,yes,no,yes,yes,yes,yes,no,2,4,3,0,0,4,0,6,3,17
544,MS,M,16,U,GT3,T,1,0,health,other,course,father,1,0,0,no,yes,no,no,yes,yes,yes,yes,4,2,5,1,0,4,3,12,19,6
545,GP,M,15,U,LE3,T,0,0,at_home,other,course,father,0,2,0,no,no,no,no,yes,yes,no,yes,4,3,2,1,1,4,0,14,12,11
546,MS,F,16,U,GT3,T,3,1,services,other,other,other,1,0,0,no,no,no,no,no,yes,yes,yes,2,4,3,0,1,4,2,2,8,7
547,GP,M,15,U,GT3,T,1,0,services,services,reputation,mother,0,0,0,no,yes,no,yes,yes,no,yes,yes,4,3,2,0,1,4,3,13,9,17
548,MS,M,16,U,LE3,T,3,0,other,services,home,mother,1,1,0,no,no,no,yes,yes,yes,yes,no,3,3,2,1,2,5,3,8,6,18
549,MS,M,14,U,GT3,T,0,3,at_home,other,course,mother,1,0,0,no,yes,no,yes,yes,yes,no,yes,1,2,3,1,1,1,1,6,10,18
550,MS,F,16,U,GT3,T,3,4,health,services,reputation,mother,1,0,0,no,no,no,yes,yes,yes,yes,no,3,2,5,1,1,0,0,7,13,14
551,MS,M,16,R,GT3,T,0,2,services,at_home,reputation,mother,0,1,0,no,no,no,no,yes,yes,yes,yes,3,2,3,1,4,0,2,9,6,8
552,MS,M,14,R,GT3,T,0,0,other,other,reputation,mother,2,2,0,no,yes,no,no,yes,yes,yes,yes,3,2,5,0,1,4,4,4,9,9
553,GP,F,15,U,GT3,T,1,3,other,teacher,other,mother,0,0,0,no,yes,no,no,yes,no,yes,no,4,3,3,1,4,4,2,5,3,8
554,GP,M,16,R,GT3,T,0,2,other,other,home,father,0,1,0,no,yes,no,no,yes,yes,yes,yes,4,2,2,1,1,4,0,10,5,15
555,GP,M,17,R,GT3,T,2,3,other,other,reputation,mother,0,4,1,no,yes,no,no,yes,yes,yes,no,3,2,3,1,1,3,0,13,10,14
556,MS,F,18,U,LE3,T,2,0,health,other,reputation,mother,0,0,0,no,yes,no,no,yes,yes,no,no,4,3,2,1,1,3,0,4,5,17
557,MS,M,17,U,GT3,T,3,3,services,other,reputation,mother,0,1,0,no,yes,no,yes,no,yes,yes,yes,4,1,4,1,1,5,2,12,8,10
558,GP,F,16,U,GT3,T,3,0,other,services,reputation,other,0,1,0,no,no,no,yes,yes,yes,no,no,4,4,2,2,1,2,3,6,9,20
559,MS,F,15,U,GT3,T,2,0,health,other,home,mother,1,0,4,no,no,no,no,yes,yes,yes,no,4,2,2,1,3,4,1,6,5,12
560,GP,F,17,U,GT3,T,0,1,other,other,course,father,1,0,0,no,no,no,no,yes,yes,yes,no,3,3,3,1,6,5,0,6,9,18
561,GP,F,16,U,LE3,T,2,0,other,other,course,mother,0,1,0,yes,no,no,no,yes,yes,no,no,4,2,4,3,2,3,1,6,8,16
562,GP,M,16,R,GT3,A,3,0,at_home,other,course,mother,2,1,0,no,no,yes,yes,yes,yes,yes,yes,3,3,2,1,1,4,0,2,10,16
563,GP,M,17,R,GT3,T,1,0,teacher,health,course,other,0,1,0,no,yes,no,yes,yes,yes,yes,no,3,3,4,1,0,5,0,1,7,13
564,GP,M,16,R,GT3,T,0,2,services,services,course,mother,1,0,0,no,no,no,yes,yes,yes,no,yes,4,2,1,1,3,0,3,2,10,10
565,MS,M,15,U,GT3,T,0,0,other,other,other,father,0,1,0,no,yes,no,no,no,yes,no,no,3,2,3,1,0,5,0,2,12,19
566,GP,M,16,U,GT3,T,0,0,health,other,course,mother,0,1,0,no,no,no,yes,yes,yes,yes,no,4,3,2,0,3,5,0,8,6,14
567,MS,M,16,U,LE3,T,1,3,services,other,course,mother,0,1,0,no,no,no,yes,yes,yes,yes,no,4,1,5,1,4,0,5,4,6,14
568,MS,F,16,R,GT3,T,2,2,at_home,other,home,mother,0,0,0,yes,yes,no,yes,yes,yes,no,yes,3,3,3,1,1,4,2,12,13,12
569,GP,F,18,U,GT3,T,1,3,other,other,reputation,mother,1,1,0,no,yes,no,yes,no,yes,yes,yes,3,2,3,0,3,4,0,4,12,11
570,MS,F,16,R,LE3,T,2,0,other,other,home,mother,1,1,0,no,yes,no,no,yes,yes,yes,no,3,2,3,1,1,4,0,8,16,-6
571,MS,F,17,U,LE3,T,0,0,services,health,other,mother,0,1,0,no,no,no,no,yes,yes,no,yes,2,3,3,1,3,1,0,9,13,18
572,GP,M,16,U,LE3,T,3,1,health,other,course,mother,1,1,0,no,yes,no,yes,yes,yes,no,no,3,0,5,0,1,4,0,5,19,15
573,GP,M,14,U,GT3,T,0,0,services,other,course,father,2,1,0,no,no,no,no,no,yes,yes,no,4,1,2,2,2,3,12,2,6,17
574,GP,F,17,U,GT3,T,0,3,health,other,other,father,2,0,0,no,no,no,no,yes,yes,no,no,5,3,2,0,1,4,6,5,6,14
575,MS,F,16,U,LE3,T,0,0,at_home,other,course,father,0,1,0,no,no,no,yes,yes,yes,yes,no,4,2,2,1,4,4,0,3,8,7
576,MS,M,17,U,GT3,T,0,0,services,other,other,mother,0,1,0,no,yes,no,no,yes,yes,yes,no,2,2,2,1,1,4,3,7,7,18
577,MS,M,15,U,GT3,T,1,0,services,at_home,course,mother,0,1,0,no,no,no,yes,no,no,yes,no,3,3,2,0,1,4,29,5,15,8
578,MS,F,18,U,GT3,T,0,0,health,other,home,mother,0,0,0,no,no,no,yes,yes,yes,yes,no,4,3,1,0,1,3,3,10,8,14
579,GP,F,16,U,GT3,T,0,2,at_home,other,course,mother,0,1,0,no,yes,no,no,yes,yes,yes,no,5,2,1,1,1,4,10,5,7,15
580,MS,M,16,R,GT3,T,1,1,other,other,course,mother,0,0,0,yes,no,no,no,yes,yes,no,yes,4,3,2,2,2,5,1,12,6,11
581,GP,M,17,U,GT3,T,1,3,other,services,home,mother,0,0,0,no,no,no,no,yes,yes,yes,no,5,3,2,1,4,3,2,10,7,9
582,MS,M,16,U,LE3,T,0,1,other,other,course,mother,1,1,0,no,yes,no,yes,yes,yes,yes,no,3,3,2,1,4,4,1,5,7,14
583,GP,F,16,U,LE3,T,1,0,at_home,other,course,mother,0,1,0,no,no,no,yes,no,yes,no,no,3,3,2,1,0,4,1,9,10,12
584,MS,M,15,R,GT3,T,2,1,teacher,services,home,mother,0,0,0,no,no,no,yes,yes,yes,yes,no,4,3,2,2,1,1,0,13,14,12
585,MS,F,15,R,GT3,T,2,0,at_home,services,course,father,0,1,0,no,no,no,no,yes,yes,yes,no,3,2,3,0,1,0,14,11,10,10
586,GP,F,17,U,LE3,T,0,0,services,services,course,father,4,1,0,no,no,no,no,yes,yes,no,no,5,2,3,1,1,4,2,9,5,19
587,GP,F,16,U,LE3,T,1,2,other,teacher,home,mother,1,0,0,no,yes,no,yes,yes,yes,yes,no,4,3,2,1,1,4,0,6,9,10
588,GP,F,15,R,LE3,T,2,1,other,other,home,mother,0,1,1,yes,yes,no,yes,yes,yes,yes,yes,3,2,1,2,3,3,12,9,15,16
589,GP,M,15,U,LE3,T,4,3,at_home,services,reputation,mother,0,1,0,no,yes,no,yes,yes,no,yes,no,4,2,3,1,3,2,3,5,8,0
590,MS,F,15,U,GT3,T,1,3,services,services,course,mother,1,1,0,no,no,no,yes,yes,yes,yes,no,3,3,4,1,4,4,12,10,8,6
591,MS,F,16,U,GT3,T,1,0,at_home,other,other,mother,1,4,1,no,yes,no,no,yes,yes,no,no,4,2,3,1,1,0,1,14,6,19
592,GP,F,16,U,GT3,A,2,2,at_home,other,course,mother,0,2,0,no,no,no,no,yes,yes,yes,no,4,3,2,1,0,0,1,11,18,12
593,MS,F,17,U,GT3,T,1,1,other,other,course,mother,0,1,0,no,no,no,no,yes,yes,yes,no,3,3,3,1,1,4,0,17,14,9
594,GP,F,14,R,GT3,T,0,4,services,services,reputation,mother,2,0,0,no,yes,no,no,yes,yes,yes,no,3,1,1,2,1,4,0,7,15,10
595,MS,M,17,U,GT3,T,1,3,other,other,course,mother,1,0,0,no,yes,no,no,yes,yes,yes,no,4,3,3,4,2,4,1,9,12,2
596,GP,F,16,U,GT3,T,1,0,other,other,home,mother,0,1,0,no,yes,no,no,yes,yes,yes,no,4,3,1,1,0,4,0,10,4,12
597,GP,F,17,R,LE3,T,0,0,other,other,reputation,father,1,1,0,yes,no,no,yes,no,yes,yes,no,4,2,5,0,1,1,1,5,16,11
598,GP,F,18,U,GT3,T,2,1,at_home,at_home,course,mother,2,0,0,no,no,no,no,yes,yes,yes,no,4,1,4,0,1,4,1,14,7,13
599,MS,M,16,U,GT3,T,1,3,other,services,reputation,mother,0,0,0,no,no,no,no,yes,yes,yes,no,4,2,2,0,1,4,3,7,3,12
600,GP,F,15,R,GT3,T,3,1,services,services,home,father,1,0,0,no,yes,no,yes,yes,yes,yes,no,3,2,3,0,1,0,2,6,5,16
601,GP,F,16,R,LE3,T,3,1,other,other,other,father,1,1,0,no,yes,yes,no,yes,yes,yes,no,4,2,4,2,0,5,1,13,11,9
602,MS,M,15,U,GT3,T,1,1,other,services,other,mother,0,1,0,no,yes,no,yes,yes,yes,no,no,3,2,3,1,0,4,0,18,14,19
603,MS,F,15,R,GT3,T,1,0,services,other,course,mother,1,1,0,yes,yes,no,no,yes,yes,yes,yes,2,3,3,0,1,1,12,1,9,14
604,GP,M,15,U,GT3,T,1,2,teacher,services,course,father,1,1,0,no,no,no,yes,yes,no,no,no,4,2,3,0,1,4,20,12,18,11
605,GP,F,16,R,LE3,T,1,0,other,services,home,father,1,1,0,no,no,no,no,yes,no,no,no,0,2,2,1,1,1,2,13,11,11
606,MS,F,15,U,GT3,T,1,3,health,other,home,mother,0,0,4,no,no,no,no,yes,yes,yes,no,3,2,5,1,1,5,3,4,3,8
607,GP,M,16,U,LE3,T,2,0,at_home,other,home,mother,1,1,0,no,yes,no,yes,yes,yes,no,no,1,2,2,2,3,2,1,3,5,17
608,GP,F,15,U,GT3,T,0,1,other,other,home,mother,1,0,0,no,yes,no,no,yes,yes,yes,yes,3,3,3,1,1,4,0,12,13,6
609,MS,F,16,U,LE3,T,1,0,health,other,course,mother,0,3,1,no,no,no,yes,yes,yes,yes,yes,4,2,3,0,0,4,1,9,6,15
610,GP,F,17,R,LE3,T,2,3,at_home,services,course,mother,1,1,0,no,yes,no,yes,yes,yes,yes,no,0,1,4,0,3,4,1,14,6,15
611,GP,M,18,U,GT3,T,1,0,other,health,course,mother,0,0,0,no,no,no,yes,yes,no,yes,no,3,2,3,1,1,4,0,8,5,18
612,MS,F,16,U,LE3,T,2,2,other,other,course,father,1,1,0,no,yes,no,no,yes,yes,yes,no,4,3,3,3,0,4,0,15,11,13
613,MS,M,16,U,LE3,T,2,3,other,services,course,mother,1,1,0,no,yes,no,no,yes,yes,yes,no,3,2,2,1,1,3,1,4,5,7
614,GP,F,16,U,LE3,T,0,0,at_home,other,course,mother,1,1,0,no,yes,no,no,yes,yes,yes,no,3,2,3,1,3,0,2,6,7,9
615,GP,F,17,U,GT3,T,1,1,other,other,course,father,1,1,0,no,no,yes,yes,yes,no,no,yes,3,3,3,1,1,5,0,8,11,18
616,MS,F,15,R,LE3,T,3,1,other,other,course,other,0,2,0,no,no,no,no,yes,yes,yes,no,3,3,4,1,3,4,19,8,9,18
617,GP,M,15,U,LE3,T,3,1,at_home,other,other,mother,0,0,0,no,yes,no,no,yes,no,yes,no,3,3,4,0,1,1,0,6,8,8
618,GP,M,16,U,GT3,T,3,2,other,services,course,mother,0,1,0,no,yes,no,no,yes,yes,yes,no,5,3,3,1,1,0,1,7,9,11
619,GP,F,17,R,GT3,A,1,0,teacher,services,reputation,father,1,1,0,no,yes,no,yes,yes,yes,yes,no,3,2,3,1,6,0,1,10,7,5
620,GP,M,15,R,GT3,T,1,1,services,other,home,mother,0,0,4,no,yes,no,yes,yes,yes,yes,yes,3,2,5,1,1,0,0,15,14,9
621,GP,M,16,U,GT3,T,1,2,other,at_home,course,mother,1,1,0,no,no,no,no,yes,yes,yes,yes,2,2,3,1,1,4,2,9,6,17
622,GP,F,16,U,GT3,T,3,1,other,other,other,mother,0,0,0,no,yes,no,no,yes,yes,yes,yes,4,3,4,1,4,3,2,13,5,8
623,MS,M,17,R,GT3,T,0,0,other,other,home,mother,0,1,0,no,no,no,yes,yes,yes,yes,yes,3,0,5,2,3,4,2,10,6,13
624,GP,F,16,R,LE3,T,2,0,services,services,course,mother,1,0,0,no,yes,no,no,yes,yes,yes,yes,5,3,2,1,0,4,0,6,4,20
625,GP,F,16,U,LE3,T,2,1,services,other,course,mother,1,0,0,no,yes,yes,no,yes,yes,yes,no,3,2,2,1,0,4,1,10,7,10
626,GP,M,17,U,LE3,T,4,0,at_home,other,course,mother,1,0,0,no,no,no,no,yes,yes,yes,yes,3,2,2,1,1,5,1,9,3,12
627,MS,F,17,U,GT3,T,1,1,other,services,course,mother,1,1,0,no,yes,no,yes,yes,yes,yes,no,3,4,3,1,1,4,0,6,12,7
628,GP,F,16,U,LE3,T,0,1,at_home,health,reputation,mother,0,3,0,no,no,no,yes,yes,no,yes,no,2,4,2,1,1,5,2,5,7,11
629,MS,M,17,R,LE3,T,1,1,services,other,reputation,father,0,0,0,no,yes,no,yes,yes,yes,yes,no,4,2,3,1,0,4,16,9,4,11
630,MS,M,18,U,LE3,T,0,2,other,other,reputation,mother,1,0,0,yes,no,no,yes,yes,yes,yes,no,3,1,3,2,2,4,11,12,3,12
631,MS,F,16,U,GT3,T,1,0,services,other,course,father,0,1,0,no,no,no,yes,yes,yes,yes,no,4,2,4,1,2,4,0,10,5,13
632,MS,M,17,U,GT3,T,2,3,other,other,home,mother,1,1,0,yes,no,no,no,yes,no,yes,no,3,4,2,1,1,5,0,3,10,12
633,MS,F,18,U,GT3,A,1,0,other,services,other,other,0,2,1,no,no,no,no,yes,yes,yes,yes,3,3,3,0,0,3,0,17,7,10
634,GP,M,18,U,GT3,T,1,1,other,services,other,other,0,0,0,no,no,no,no,yes,yes,yes,yes,3,0,2,6,0,4,1,13,12,17
635,MS,M,16,U,LE3,T,0,3,at_home,other,other,mother,1,1,0,no,yes,no,no,yes,yes,yes,yes,3,1,2,1,1,1,1,10,8,15
636,MS,M,17,U,LE3,T,1,1,at_home,other,course,mother,1,1,0,yes,no,no,no,yes,yes,no,yes,4,2,3,1,1,5,12,16,7,16
637,MS,M,16,U,LE3,T,2,0,other,services,other,father,1,1,0,no,yes,yes,no,yes,yes,yes,yes,3,2,5,1,2,5,1,17,8,-2
638,GP,F,16,U,LE3,T,0,0,health,services,course,mother,0,1,0,no,yes,no,no,yes,yes,yes,yes,3,3,2,1,2,3,3,11,9,16
639,GP,F,16,U,GT3,T,1,1,other,services,reputation,father,0,0,0,no,yes,no,no,yes,yes,yes,no,5,3,3,1,1,4,10,8,12,13
640,GP,M,16,U,GT3,T,3,0,at_home,other,home,mother,1,2,0,no,yes,no,yes,yes,yes,yes,no,3,2,2,1,3,4,1,5,5,13
641,MS,F,16,U,LE3,T,0,3,other,services,course,mother,1,1,0,no,no,no,yes,no,yes,yes,yes,4,2,2,0,0,4,18,14,11,8
642,GP,M,14,U,LE3,T,3,3,at_home,services,course,father,1,0,0,no,no,no,yes,yes,yes,yes,yes,4,1,1,1,1,0,0,11,12,14
643,GP,M,17,U,GT3,T,1,0,at_home,services,home,mother,2,1,0,no,no,no,no,yes,yes,no,yes,4,4,4,0,1,4,0,3,6,17
644,GP,M,16,R,GT3,T,-1,0,other,services,reputation,father,0,1,0,no,no,no,no,yes,yes,no,no,4,3,3,0,1,4,1,13,10,14
645,GP,F,18,R,LE3,T,0,1,services,other,course,father,1,1,0,no,no,no,yes,yes,yes,yes,no,4,2,4,1,2,4,0,2,12,15
646,MS,F,16,U,LE3,T,0,1,at_home,other,home,father,0,1,0,no,no,no,yes,yes,yes,yes,no,4,0,1,0,2,4,3,5,8,12
647,GP,M,15,R,GT3,T,2,1,at_home,services,other,father,1,1,0,no,no,no,no,yes,yes,no,yes,4,2,2,1,1,4,1,7,7,14
648,MS,M,16,U,LE3,T,3,0,health,other,reputation,mother,0,0,0,no,yes,no,no,yes,yes,yes,no,4,3,1,2,2,4,1,10,5,18
